BEGIN
    INSERT INTO T_FV_ENDERECO (ID_ENDERECO, DS_PAIS, DS_ESTADO, DS_CIDADE, DS_RUA) VALUES (SEQ_ID_ENDERECO.NEXTVAL, 'BRASIL', 'Rio Grande do Norte', 'Moraes de Camargo', 'Estacao de Sousa 28');
    INSERT INTO T_FV_FORNECEDOR (DS_CNPJ, NM_FORNECEDOR, ID_ENDERECO) VALUES ('10693458000127', 'HidroTec Ambiental LTDA', SEQ_ID_ENDERECO.CURRVAL);
    INSERT INTO T_FV_CONTATO (ID_CONTATO, DS_TELEFONE, DS_EMAIL, DS_CNPJ) VALUES (SEQ_ID_CONTATO.NEXTVAL, '09007808907', 'freitaspedro-miguel@example.net', '10693458000127');
    INSERT INTO T_FV_MATERIAL (ID_MATERIAL, NM_MATERIAL, TP_MATERIAL, NR_QUANT_ESTOQUE, NR_PRECO_UNIDADE, DS_CNPJ) VALUES (SEQ_ID_MATERIAL.NEXTVAL, 'Filtro de Areia Camada Grossa', 'FILTRO', 39, 72.56,'10693458000127');
    INSERT INTO T_FV_MATERIAL (ID_MATERIAL, NM_MATERIAL, TP_MATERIAL, NR_QUANT_ESTOQUE, NR_PRECO_UNIDADE, DS_CNPJ) VALUES (SEQ_ID_MATERIAL.NEXTVAL, 'Filtro de Carvão Ativado Premium', 'FILTRO', 10, 137.87,'10693458000127');
    INSERT INTO T_FV_MATERIAL (ID_MATERIAL, NM_MATERIAL, TP_MATERIAL, NR_QUANT_ESTOQUE, NR_PRECO_UNIDADE, DS_CNPJ) VALUES (SEQ_ID_MATERIAL.NEXTVAL, 'Reservatório 40L em PVC', 'RESERVATORIO', 39, 60.53,'10693458000127');
    INSERT INTO T_FV_ENDERECO (ID_ENDERECO, DS_PAIS, DS_ESTADO, DS_CIDADE, DS_RUA) VALUES (SEQ_ID_ENDERECO.NEXTVAL, 'BRASIL', 'Rondônia', 'Rios de Minas', 'Viela de Aparecida 672');
    INSERT INTO T_FV_FORNECEDOR (DS_CNPJ, NM_FORNECEDOR, ID_ENDERECO) VALUES ('09782136000175', 'SolarFix Energia Renovável', SEQ_ID_ENDERECO.CURRVAL);
    INSERT INTO T_FV_CONTATO (ID_CONTATO, DS_TELEFONE, DS_EMAIL, DS_CNPJ) VALUES (SEQ_ID_CONTATO.NEXTVAL, '55041238455', 'kevinpeixoto@example.org', '09782136000175');
    INSERT INTO T_FV_MATERIAL (ID_MATERIAL, NM_MATERIAL, TP_MATERIAL, NR_QUANT_ESTOQUE, NR_PRECO_UNIDADE, DS_CNPJ) VALUES (SEQ_ID_MATERIAL.NEXTVAL, 'Painel Solar 10W', 'ELETRONICO', 47, 142.99,'09782136000175');
    INSERT INTO T_FV_MATERIAL (ID_MATERIAL, NM_MATERIAL, TP_MATERIAL, NR_QUANT_ESTOQUE, NR_PRECO_UNIDADE, DS_CNPJ) VALUES (SEQ_ID_MATERIAL.NEXTVAL, 'Controlador de Carga Solar', 'ELETRONICO', 40, 123.39,'09782136000175');
    INSERT INTO T_FV_MATERIAL (ID_MATERIAL, NM_MATERIAL, TP_MATERIAL, NR_QUANT_ESTOQUE, NR_PRECO_UNIDADE, DS_CNPJ) VALUES (SEQ_ID_MATERIAL.NEXTVAL, 'Bateria de Lítio 12V', 'ELETRONICO', 15, 37.55,'09782136000175');
    INSERT INTO T_FV_ENDERECO (ID_ENDERECO, DS_PAIS, DS_ESTADO, DS_CIDADE, DS_RUA) VALUES (SEQ_ID_ENDERECO.NEXTVAL, 'BRASIL', 'Roraima', 'Castro Grande', 'Alameda de Costela 20');
    INSERT INTO T_FV_FORNECEDOR (DS_CNPJ, NM_FORNECEDOR, ID_ENDERECO) VALUES ('21769504000140', 'BioÁgua Soluções Sustentáveis', SEQ_ID_ENDERECO.CURRVAL);
    INSERT INTO T_FV_CONTATO (ID_CONTATO, DS_TELEFONE, DS_EMAIL, DS_CNPJ) VALUES (SEQ_ID_CONTATO.NEXTVAL, '55041210292', 'franciscosousa@example.net', '21769504000140');
    INSERT INTO T_FV_MATERIAL (ID_MATERIAL, NM_MATERIAL, TP_MATERIAL, NR_QUANT_ESTOQUE, NR_PRECO_UNIDADE, DS_CNPJ) VALUES (SEQ_ID_MATERIAL.NEXTVAL, 'Caixa de Água 60L', 'RESERVATORIO', 10, 114.93,'21769504000140');
    INSERT INTO T_FV_MATERIAL (ID_MATERIAL, NM_MATERIAL, TP_MATERIAL, NR_QUANT_ESTOQUE, NR_PRECO_UNIDADE, DS_CNPJ) VALUES (SEQ_ID_MATERIAL.NEXTVAL, 'Filtro Multicamadas Compacto', 'FILTRO', 37, 126.79,'21769504000140');
    INSERT INTO T_FV_MATERIAL (ID_MATERIAL, NM_MATERIAL, TP_MATERIAL, NR_QUANT_ESTOQUE, NR_PRECO_UNIDADE, DS_CNPJ) VALUES (SEQ_ID_MATERIAL.NEXTVAL, 'Kit Conector de Entrada', 'RESERVATORIO', 34, 69.78,'21769504000140');
    INSERT INTO T_FV_ENDERECO (ID_ENDERECO, DS_PAIS, DS_ESTADO, DS_CIDADE, DS_RUA) VALUES (SEQ_ID_ENDERECO.NEXTVAL, 'BRASIL', 'Alagoas', 'Carvalho Paulista', 'Trecho Nicolas Oliveira 84');
    INSERT INTO T_FV_FORNECEDOR (DS_CNPJ, NM_FORNECEDOR, ID_ENDERECO) VALUES ('52108647000135', 'ÁguaPura Equipamentos', SEQ_ID_ENDERECO.CURRVAL);
    INSERT INTO T_FV_CONTATO (ID_CONTATO, DS_TELEFONE, DS_EMAIL, DS_CNPJ) VALUES (SEQ_ID_CONTATO.NEXTVAL, '55031135502', 'lpimenta@example.org', '52108647000135');
    INSERT INTO T_FV_MATERIAL (ID_MATERIAL, NM_MATERIAL, TP_MATERIAL, NR_QUANT_ESTOQUE, NR_PRECO_UNIDADE, DS_CNPJ) VALUES (SEQ_ID_MATERIAL.NEXTVAL, 'Filtro UV Padrão', 'FILTRO', 35, 23.66,'52108647000135');
    INSERT INTO T_FV_MATERIAL (ID_MATERIAL, NM_MATERIAL, TP_MATERIAL, NR_QUANT_ESTOQUE, NR_PRECO_UNIDADE, DS_CNPJ) VALUES (SEQ_ID_MATERIAL.NEXTVAL, 'Tanque de Decantação', 'RESERVATORIO', 9, 65.71,'52108647000135');
    INSERT INTO T_FV_MATERIAL (ID_MATERIAL, NM_MATERIAL, TP_MATERIAL, NR_QUANT_ESTOQUE, NR_PRECO_UNIDADE, DS_CNPJ) VALUES (SEQ_ID_MATERIAL.NEXTVAL, 'Filtro de Sedimentos', 'FILTRO', 20, 20.17,'52108647000135');
    INSERT INTO T_FV_ENDERECO (ID_ENDERECO, DS_PAIS, DS_ESTADO, DS_CIDADE, DS_RUA) VALUES (SEQ_ID_ENDERECO.NEXTVAL, 'BRASIL', 'São Paulo', 'Oliveira de Goiás', 'Viela Marcos Vinicius Borges 38');
    INSERT INTO T_FV_FORNECEDOR (DS_CNPJ, NM_FORNECEDOR, ID_ENDERECO) VALUES ('60432895000165', 'EcoReservas Brasil', SEQ_ID_ENDERECO.CURRVAL);
    INSERT INTO T_FV_CONTATO (ID_CONTATO, DS_TELEFONE, DS_EMAIL, DS_CNPJ) VALUES (SEQ_ID_CONTATO.NEXTVAL, '55011765529', 'milena00@example.org', '60432895000165');
    INSERT INTO T_FV_MATERIAL (ID_MATERIAL, NM_MATERIAL, TP_MATERIAL, NR_QUANT_ESTOQUE, NR_PRECO_UNIDADE, DS_CNPJ) VALUES (SEQ_ID_MATERIAL.NEXTVAL, 'Tanque Modular 100L', 'RESERVATORIO', 8, 24.46,'60432895000165');
    INSERT INTO T_FV_MATERIAL (ID_MATERIAL, NM_MATERIAL, TP_MATERIAL, NR_QUANT_ESTOQUE, NR_PRECO_UNIDADE, DS_CNPJ) VALUES (SEQ_ID_MATERIAL.NEXTVAL, 'Tampa Selada de Reservatório', 'RESERVATORIO', 38, 112.47,'60432895000165');
    INSERT INTO T_FV_MATERIAL (ID_MATERIAL, NM_MATERIAL, TP_MATERIAL, NR_QUANT_ESTOQUE, NR_PRECO_UNIDADE, DS_CNPJ) VALUES (SEQ_ID_MATERIAL.NEXTVAL, 'Base de Apoio em Plástico', 'RESERVATORIO', 22, 142.43,'60432895000165');
    INSERT INTO T_FV_ENDERECO (ID_ENDERECO, DS_PAIS, DS_ESTADO, DS_CIDADE, DS_RUA) VALUES (SEQ_ID_ENDERECO.NEXTVAL, 'BRASIL', 'Piauí', 'Mendonça', 'Rua Barbosa 852');
    INSERT INTO T_FV_FORNECEDOR (DS_CNPJ, NM_FORNECEDOR, ID_ENDERECO) VALUES ('12637504000104', 'FiltroMax Industrial', SEQ_ID_ENDERECO.CURRVAL);
    INSERT INTO T_FV_CONTATO (ID_CONTATO, DS_TELEFONE, DS_EMAIL, DS_CNPJ) VALUES (SEQ_ID_CONTATO.NEXTVAL, '55215009237', 'marcelo62@example.org', '12637504000104');
    INSERT INTO T_FV_MATERIAL (ID_MATERIAL, NM_MATERIAL, TP_MATERIAL, NR_QUANT_ESTOQUE, NR_PRECO_UNIDADE, DS_CNPJ) VALUES (SEQ_ID_MATERIAL.NEXTVAL, 'Filtro Industrial de Areia', 'FILTRO', 46, 147.37,'12637504000104');
    INSERT INTO T_FV_MATERIAL (ID_MATERIAL, NM_MATERIAL, TP_MATERIAL, NR_QUANT_ESTOQUE, NR_PRECO_UNIDADE, DS_CNPJ) VALUES (SEQ_ID_MATERIAL.NEXTVAL, 'Filtro de Alta Pressão', 'FILTRO', 15, 103.55,'12637504000104');
    INSERT INTO T_FV_MATERIAL (ID_MATERIAL, NM_MATERIAL, TP_MATERIAL, NR_QUANT_ESTOQUE, NR_PRECO_UNIDADE, DS_CNPJ) VALUES (SEQ_ID_MATERIAL.NEXTVAL, 'Elemento Filtrante Substituível', 'FILTRO', 49, 115.46,'12637504000104');
    INSERT INTO T_FV_ENDERECO (ID_ENDERECO, DS_PAIS, DS_ESTADO, DS_CIDADE, DS_RUA) VALUES (SEQ_ID_ENDERECO.NEXTVAL, 'BRASIL', 'Distrito Federal', 'Dias', 'Setor de Fonseca 890');
    INSERT INTO T_FV_FORNECEDOR (DS_CNPJ, NM_FORNECEDOR, ID_ENDERECO) VALUES ('10293754000130', 'UVClean Tecnologia', SEQ_ID_ENDERECO.CURRVAL);
    INSERT INTO T_FV_CONTATO (ID_CONTATO, DS_TELEFONE, DS_EMAIL, DS_CNPJ) VALUES (SEQ_ID_CONTATO.NEXTVAL, '55071057673', 'luarapires@example.com', '10293754000130');
    INSERT INTO T_FV_MATERIAL (ID_MATERIAL, NM_MATERIAL, TP_MATERIAL, NR_QUANT_ESTOQUE, NR_PRECO_UNIDADE, DS_CNPJ) VALUES (SEQ_ID_MATERIAL.NEXTVAL, 'Lâmpada UV-C 15W', 'ELETRONICO', 41, 58.55,'10293754000130');
    INSERT INTO T_FV_MATERIAL (ID_MATERIAL, NM_MATERIAL, TP_MATERIAL, NR_QUANT_ESTOQUE, NR_PRECO_UNIDADE, DS_CNPJ) VALUES (SEQ_ID_MATERIAL.NEXTVAL, 'Reator Eletrônico UV', 'ELETRONICO', 12, 118.19,'10293754000130');
    INSERT INTO T_FV_MATERIAL (ID_MATERIAL, NM_MATERIAL, TP_MATERIAL, NR_QUANT_ESTOQUE, NR_PRECO_UNIDADE, DS_CNPJ) VALUES (SEQ_ID_MATERIAL.NEXTVAL, 'Kit UV Clean Pro', 'ELETRONICO', 43, 65.70,'10293754000130');
    INSERT INTO T_FV_ENDERECO (ID_ENDERECO, DS_PAIS, DS_ESTADO, DS_CIDADE, DS_RUA) VALUES (SEQ_ID_ENDERECO.NEXTVAL, 'BRASIL', 'Sergipe', 'Pereira das Pedras', 'Sitio Lima 16');
    INSERT INTO T_FV_FORNECEDOR (DS_CNPJ, NM_FORNECEDOR, ID_ENDERECO) VALUES ('90354261000100', 'TecnoFluidez Sistemas', SEQ_ID_ENDERECO.CURRVAL);
    INSERT INTO T_FV_CONTATO (ID_CONTATO, DS_TELEFONE, DS_EMAIL, DS_CNPJ) VALUES (SEQ_ID_CONTATO.NEXTVAL, '55717745728', 'alvesemanuel@example.com', '90354261000100');
    INSERT INTO T_FV_MATERIAL (ID_MATERIAL, NM_MATERIAL, TP_MATERIAL, NR_QUANT_ESTOQUE, NR_PRECO_UNIDADE, DS_CNPJ) VALUES (SEQ_ID_MATERIAL.NEXTVAL, 'Sensor de Nível Ultrassônico', 'SENSOR', 32, 92.93,'90354261000100');
    INSERT INTO T_FV_MATERIAL (ID_MATERIAL, NM_MATERIAL, TP_MATERIAL, NR_QUANT_ESTOQUE, NR_PRECO_UNIDADE, DS_CNPJ) VALUES (SEQ_ID_MATERIAL.NEXTVAL, 'Controlador de Vazão Digital', 'ELETRONICO', 22, 120.36,'90354261000100');
    INSERT INTO T_FV_MATERIAL (ID_MATERIAL, NM_MATERIAL, TP_MATERIAL, NR_QUANT_ESTOQUE, NR_PRECO_UNIDADE, DS_CNPJ) VALUES (SEQ_ID_MATERIAL.NEXTVAL, 'Placa de Comando IoT', 'ELETRONICO', 47, 92.93,'90354261000100');
    INSERT INTO T_FV_ENDERECO (ID_ENDERECO, DS_PAIS, DS_ESTADO, DS_CIDADE, DS_RUA) VALUES (SEQ_ID_ENDERECO.NEXTVAL, 'BRASIL', 'Ceará', 'Pacheco', 'Loteamento Miguel Vieira 52');
    INSERT INTO T_FV_FORNECEDOR (DS_CNPJ, NM_FORNECEDOR, ID_ENDERECO) VALUES ('58741920000140', 'SensorVille Equipamentos IoT', SEQ_ID_ENDERECO.CURRVAL);
    INSERT INTO T_FV_CONTATO (ID_CONTATO, DS_TELEFONE, DS_EMAIL, DS_CNPJ) VALUES (SEQ_ID_CONTATO.NEXTVAL, '8190870921', 'tcampos@example.org', '58741920000140');
    INSERT INTO T_FV_MATERIAL (ID_MATERIAL, NM_MATERIAL, TP_MATERIAL, NR_QUANT_ESTOQUE, NR_PRECO_UNIDADE, DS_CNPJ) VALUES (SEQ_ID_MATERIAL.NEXTVAL, 'Sensor de pH Modelo A1', 'SENSOR', 41, 104.79,'58741920000140');
    INSERT INTO T_FV_MATERIAL (ID_MATERIAL, NM_MATERIAL, TP_MATERIAL, NR_QUANT_ESTOQUE, NR_PRECO_UNIDADE, DS_CNPJ) VALUES (SEQ_ID_MATERIAL.NEXTVAL, 'Sensor de Turbidez T-200', 'SENSOR', 6, 42.45,'58741920000140');
    INSERT INTO T_FV_MATERIAL (ID_MATERIAL, NM_MATERIAL, TP_MATERIAL, NR_QUANT_ESTOQUE, NR_PRECO_UNIDADE, DS_CNPJ) VALUES (SEQ_ID_MATERIAL.NEXTVAL, 'Sensor de Temperatura Aquática', 'SENSOR', 23, 124.65,'58741920000140');
    INSERT INTO T_FV_ENDERECO (ID_ENDERECO, DS_PAIS, DS_ESTADO, DS_CIDADE, DS_RUA) VALUES (SEQ_ID_ENDERECO.NEXTVAL, 'BRASIL', 'Bahia', 'Rios', 'Morro Rebeca Novais');
    INSERT INTO T_FV_FORNECEDOR (DS_CNPJ, NM_FORNECEDOR, ID_ENDERECO) VALUES ('20671583000190', 'GreenPipe Engenharia', SEQ_ID_ENDERECO.CURRVAL);
    INSERT INTO T_FV_CONTATO (ID_CONTATO, DS_TELEFONE, DS_EMAIL, DS_CNPJ) VALUES (SEQ_ID_CONTATO.NEXTVAL, '01169273071', 'luiz-miguelmachado@example.org', '20671583000190');
    INSERT INTO T_FV_MATERIAL (ID_MATERIAL, NM_MATERIAL, TP_MATERIAL, NR_QUANT_ESTOQUE, NR_PRECO_UNIDADE, DS_CNPJ) VALUES (SEQ_ID_MATERIAL.NEXTVAL, 'Tubo Conexão Rápida 3/4', 'RESERVATORIO', 50, 87.16,'20671583000190');
    INSERT INTO T_FV_MATERIAL (ID_MATERIAL, NM_MATERIAL, TP_MATERIAL, NR_QUANT_ESTOQUE, NR_PRECO_UNIDADE, DS_CNPJ) VALUES (SEQ_ID_MATERIAL.NEXTVAL, 'Joelho PVC 90°', 'RESERVATORIO', 49, 88.94,'20671583000190');
    INSERT INTO T_FV_MATERIAL (ID_MATERIAL, NM_MATERIAL, TP_MATERIAL, NR_QUANT_ESTOQUE, NR_PRECO_UNIDADE, DS_CNPJ) VALUES (SEQ_ID_MATERIAL.NEXTVAL, 'Válvula de Escoamento', 'RESERVATORIO', 40, 122.56,'20671583000190');
    INSERT INTO T_FV_RESPONSAVEL (DS_CPF, NM_RESPONSAVEL) VALUES ('34609461560', 'Ana Beatriz da Rosa Ribeiro');
    INSERT INTO T_FV_RESPONSAVEL (DS_CPF, NM_RESPONSAVEL) VALUES ('84555476506', 'Danilo Farias Barros');
    INSERT INTO T_FV_CONTATO (ID_CONTATO, DS_TELEFONE, DS_EMAIL, DS_CPF) VALUES (SEQ_ID_CONTATO.NEXTVAL, '55041014767', 'barbara54@example.com', '84555476506');
    INSERT INTO T_FV_ESTACAO_TRATAMENTO (ID_ESTACAO_TRATAMENTO, DT_INSTALACAO, ST_ESTACAO, DS_CPF) VALUES (SEQ_ID_ESTACAO.NEXTVAL, TO_DATE('2025-05-01', 'YYYY-MM-DD'), 'A', '84555476506');
    INSERT INTO T_FV_SENSOR (ID_SENSOR, TP_SENSOR, TP_MEDIDA, ID_ESTACAO_TRATAMENTO) VALUES (SEQ_ID_SENSOR.NEXTVAL, 'PH', 'PH', SEQ_ID_ESTACAO.CURRVAL);
    INSERT INTO T_FV_SENSOR (ID_SENSOR, TP_SENSOR, TP_MEDIDA, ID_ESTACAO_TRATAMENTO) VALUES (SEQ_ID_SENSOR.NEXTVAL, 'TURBIDEZ', 'NTU', SEQ_ID_ESTACAO.CURRVAL);
    INSERT INTO T_FV_SENSOR (ID_SENSOR, TP_SENSOR, TP_MEDIDA, ID_ESTACAO_TRATAMENTO) VALUES (SEQ_ID_SENSOR.NEXTVAL, 'TEMPERATURA', 'CELSIUS', SEQ_ID_ESTACAO.CURRVAL);
    INSERT INTO T_FV_SENSOR (ID_SENSOR, TP_SENSOR, TP_MEDIDA, ID_ESTACAO_TRATAMENTO) VALUES (SEQ_ID_SENSOR.NEXTVAL, 'NIVEL', 'CM', SEQ_ID_ESTACAO.CURRVAL);
    INSERT INTO T_FV_SENSOR (ID_SENSOR, TP_SENSOR, TP_MEDIDA, ID_ESTACAO_TRATAMENTO) VALUES (SEQ_ID_SENSOR.NEXTVAL, 'VAZAO', 'LPM', SEQ_ID_ESTACAO.CURRVAL);
    INSERT INTO T_FV_RESPONSAVEL (DS_CPF, NM_RESPONSAVEL) VALUES ('47892229930', 'Gustavo Camargo Camargo');
    INSERT INTO T_FV_CONTATO (ID_CONTATO, DS_TELEFONE, DS_EMAIL, DS_CPF) VALUES (SEQ_ID_CONTATO.NEXTVAL, '55021562091', 'ribeirodante@example.net', '47892229930');
    INSERT INTO T_FV_ESTACAO_TRATAMENTO (ID_ESTACAO_TRATAMENTO, DT_INSTALACAO, ST_ESTACAO, DS_CPF) VALUES (SEQ_ID_ESTACAO.NEXTVAL, TO_DATE('2025-05-21', 'YYYY-MM-DD'), 'A', '47892229930');
    INSERT INTO T_FV_SENSOR (ID_SENSOR, TP_SENSOR, TP_MEDIDA, ID_ESTACAO_TRATAMENTO) VALUES (SEQ_ID_SENSOR.NEXTVAL, 'PH', 'PH', SEQ_ID_ESTACAO.CURRVAL);
    INSERT INTO T_FV_SENSOR (ID_SENSOR, TP_SENSOR, TP_MEDIDA, ID_ESTACAO_TRATAMENTO) VALUES (SEQ_ID_SENSOR.NEXTVAL, 'TURBIDEZ', 'NTU', SEQ_ID_ESTACAO.CURRVAL);
    INSERT INTO T_FV_SENSOR (ID_SENSOR, TP_SENSOR, TP_MEDIDA, ID_ESTACAO_TRATAMENTO) VALUES (SEQ_ID_SENSOR.NEXTVAL, 'TEMPERATURA', 'CELSIUS', SEQ_ID_ESTACAO.CURRVAL);
    INSERT INTO T_FV_SENSOR (ID_SENSOR, TP_SENSOR, TP_MEDIDA, ID_ESTACAO_TRATAMENTO) VALUES (SEQ_ID_SENSOR.NEXTVAL, 'NIVEL', 'CM', SEQ_ID_ESTACAO.CURRVAL);
    INSERT INTO T_FV_SENSOR (ID_SENSOR, TP_SENSOR, TP_MEDIDA, ID_ESTACAO_TRATAMENTO) VALUES (SEQ_ID_SENSOR.NEXTVAL, 'VAZAO', 'LPM', SEQ_ID_ESTACAO.CURRVAL);
    INSERT INTO T_FV_RESPONSAVEL (DS_CPF, NM_RESPONSAVEL) VALUES ('47291005221', 'Bento Macedo Aparecida');
    INSERT INTO T_FV_CONTATO (ID_CONTATO, DS_TELEFONE, DS_EMAIL, DS_CPF) VALUES (SEQ_ID_CONTATO.NEXTVAL, '55848729758', 'spimenta@example.com', '47291005221');
    INSERT INTO T_FV_ESTACAO_TRATAMENTO (ID_ESTACAO_TRATAMENTO, DT_INSTALACAO, ST_ESTACAO, DS_CPF) VALUES (SEQ_ID_ESTACAO.NEXTVAL, TO_DATE('2025-05-24', 'YYYY-MM-DD'), 'A', '47291005221');
    INSERT INTO T_FV_SENSOR (ID_SENSOR, TP_SENSOR, TP_MEDIDA, ID_ESTACAO_TRATAMENTO) VALUES (SEQ_ID_SENSOR.NEXTVAL, 'PH', 'PH', SEQ_ID_ESTACAO.CURRVAL);
    INSERT INTO T_FV_SENSOR (ID_SENSOR, TP_SENSOR, TP_MEDIDA, ID_ESTACAO_TRATAMENTO) VALUES (SEQ_ID_SENSOR.NEXTVAL, 'TURBIDEZ', 'NTU', SEQ_ID_ESTACAO.CURRVAL);
    INSERT INTO T_FV_SENSOR (ID_SENSOR, TP_SENSOR, TP_MEDIDA, ID_ESTACAO_TRATAMENTO) VALUES (SEQ_ID_SENSOR.NEXTVAL, 'TEMPERATURA', 'CELSIUS', SEQ_ID_ESTACAO.CURRVAL);
    INSERT INTO T_FV_SENSOR (ID_SENSOR, TP_SENSOR, TP_MEDIDA, ID_ESTACAO_TRATAMENTO) VALUES (SEQ_ID_SENSOR.NEXTVAL, 'NIVEL', 'CM', SEQ_ID_ESTACAO.CURRVAL);
    INSERT INTO T_FV_SENSOR (ID_SENSOR, TP_SENSOR, TP_MEDIDA, ID_ESTACAO_TRATAMENTO) VALUES (SEQ_ID_SENSOR.NEXTVAL, 'VAZAO', 'LPM', SEQ_ID_ESTACAO.CURRVAL);
    INSERT INTO T_FV_ESTACAO_TRATAMENTO (ID_ESTACAO_TRATAMENTO, DT_INSTALACAO, ST_ESTACAO) VALUES (SEQ_ID_ESTACAO.NEXTVAL, TO_DATE('2025-05-29', 'YYYY-MM-DD'), 'I');
    INSERT INTO T_FV_SENSOR (ID_SENSOR, TP_SENSOR, TP_MEDIDA, ID_ESTACAO_TRATAMENTO) VALUES (SEQ_ID_SENSOR.NEXTVAL, 'PH', 'PH', SEQ_ID_ESTACAO.CURRVAL);
    INSERT INTO T_FV_SENSOR (ID_SENSOR, TP_SENSOR, TP_MEDIDA, ID_ESTACAO_TRATAMENTO) VALUES (SEQ_ID_SENSOR.NEXTVAL, 'TURBIDEZ', 'NTU', SEQ_ID_ESTACAO.CURRVAL);
    INSERT INTO T_FV_SENSOR (ID_SENSOR, TP_SENSOR, TP_MEDIDA, ID_ESTACAO_TRATAMENTO) VALUES (SEQ_ID_SENSOR.NEXTVAL, 'TEMPERATURA', 'CELSIUS', SEQ_ID_ESTACAO.CURRVAL);
    INSERT INTO T_FV_SENSOR (ID_SENSOR, TP_SENSOR, TP_MEDIDA, ID_ESTACAO_TRATAMENTO) VALUES (SEQ_ID_SENSOR.NEXTVAL, 'NIVEL', 'CM', SEQ_ID_ESTACAO.CURRVAL);
    INSERT INTO T_FV_SENSOR (ID_SENSOR, TP_SENSOR, TP_MEDIDA, ID_ESTACAO_TRATAMENTO) VALUES (SEQ_ID_SENSOR.NEXTVAL, 'VAZAO', 'LPM', SEQ_ID_ESTACAO.CURRVAL);
    INSERT INTO T_FV_CONTATO (ID_CONTATO, DS_TELEFONE, DS_EMAIL, DS_CPF) VALUES (SEQ_ID_CONTATO.NEXTVAL, '55848729758', 'spimenta@example.com', '47291005221');
    INSERT INTO T_FV_ESTACAO_TRATAMENTO (ID_ESTACAO_TRATAMENTO, DT_INSTALACAO, ST_ESTACAO, DS_CPF) VALUES (SEQ_ID_ESTACAO.NEXTVAL, TO_DATE('2025-05-12', 'YYYY-MM-DD'), 'A', '47291005221');
    INSERT INTO T_FV_SENSOR (ID_SENSOR, TP_SENSOR, TP_MEDIDA, ID_ESTACAO_TRATAMENTO) VALUES (SEQ_ID_SENSOR.NEXTVAL, 'PH', 'PH', SEQ_ID_ESTACAO.CURRVAL);
    INSERT INTO T_FV_SENSOR (ID_SENSOR, TP_SENSOR, TP_MEDIDA, ID_ESTACAO_TRATAMENTO) VALUES (SEQ_ID_SENSOR.NEXTVAL, 'TURBIDEZ', 'NTU', SEQ_ID_ESTACAO.CURRVAL);
    INSERT INTO T_FV_SENSOR (ID_SENSOR, TP_SENSOR, TP_MEDIDA, ID_ESTACAO_TRATAMENTO) VALUES (SEQ_ID_SENSOR.NEXTVAL, 'TEMPERATURA', 'CELSIUS', SEQ_ID_ESTACAO.CURRVAL);
    INSERT INTO T_FV_SENSOR (ID_SENSOR, TP_SENSOR, TP_MEDIDA, ID_ESTACAO_TRATAMENTO) VALUES (SEQ_ID_SENSOR.NEXTVAL, 'NIVEL', 'CM', SEQ_ID_ESTACAO.CURRVAL);
    INSERT INTO T_FV_SENSOR (ID_SENSOR, TP_SENSOR, TP_MEDIDA, ID_ESTACAO_TRATAMENTO) VALUES (SEQ_ID_SENSOR.NEXTVAL, 'VAZAO', 'LPM', SEQ_ID_ESTACAO.CURRVAL);
    INSERT INTO T_FV_ESTACAO_TRATAMENTO (ID_ESTACAO_TRATAMENTO, DT_INSTALACAO, ST_ESTACAO) VALUES (SEQ_ID_ESTACAO.NEXTVAL, TO_DATE('2025-05-15', 'YYYY-MM-DD'), 'I');
    INSERT INTO T_FV_SENSOR (ID_SENSOR, TP_SENSOR, TP_MEDIDA, ID_ESTACAO_TRATAMENTO) VALUES (SEQ_ID_SENSOR.NEXTVAL, 'PH', 'PH', SEQ_ID_ESTACAO.CURRVAL);
    INSERT INTO T_FV_SENSOR (ID_SENSOR, TP_SENSOR, TP_MEDIDA, ID_ESTACAO_TRATAMENTO) VALUES (SEQ_ID_SENSOR.NEXTVAL, 'TURBIDEZ', 'NTU', SEQ_ID_ESTACAO.CURRVAL);
    INSERT INTO T_FV_SENSOR (ID_SENSOR, TP_SENSOR, TP_MEDIDA, ID_ESTACAO_TRATAMENTO) VALUES (SEQ_ID_SENSOR.NEXTVAL, 'TEMPERATURA', 'CELSIUS', SEQ_ID_ESTACAO.CURRVAL);
    INSERT INTO T_FV_SENSOR (ID_SENSOR, TP_SENSOR, TP_MEDIDA, ID_ESTACAO_TRATAMENTO) VALUES (SEQ_ID_SENSOR.NEXTVAL, 'NIVEL', 'CM', SEQ_ID_ESTACAO.CURRVAL);
    INSERT INTO T_FV_SENSOR (ID_SENSOR, TP_SENSOR, TP_MEDIDA, ID_ESTACAO_TRATAMENTO) VALUES (SEQ_ID_SENSOR.NEXTVAL, 'VAZAO', 'LPM', SEQ_ID_ESTACAO.CURRVAL);
    INSERT INTO T_FV_ESTACAO_TRATAMENTO (ID_ESTACAO_TRATAMENTO, DT_INSTALACAO, ST_ESTACAO) VALUES (SEQ_ID_ESTACAO.NEXTVAL, TO_DATE('2025-05-25', 'YYYY-MM-DD'), 'I');
    INSERT INTO T_FV_SENSOR (ID_SENSOR, TP_SENSOR, TP_MEDIDA, ID_ESTACAO_TRATAMENTO) VALUES (SEQ_ID_SENSOR.NEXTVAL, 'PH', 'PH', SEQ_ID_ESTACAO.CURRVAL);
    INSERT INTO T_FV_SENSOR (ID_SENSOR, TP_SENSOR, TP_MEDIDA, ID_ESTACAO_TRATAMENTO) VALUES (SEQ_ID_SENSOR.NEXTVAL, 'TURBIDEZ', 'NTU', SEQ_ID_ESTACAO.CURRVAL);
    INSERT INTO T_FV_SENSOR (ID_SENSOR, TP_SENSOR, TP_MEDIDA, ID_ESTACAO_TRATAMENTO) VALUES (SEQ_ID_SENSOR.NEXTVAL, 'TEMPERATURA', 'CELSIUS', SEQ_ID_ESTACAO.CURRVAL);
    INSERT INTO T_FV_SENSOR (ID_SENSOR, TP_SENSOR, TP_MEDIDA, ID_ESTACAO_TRATAMENTO) VALUES (SEQ_ID_SENSOR.NEXTVAL, 'NIVEL', 'CM', SEQ_ID_ESTACAO.CURRVAL);
    INSERT INTO T_FV_SENSOR (ID_SENSOR, TP_SENSOR, TP_MEDIDA, ID_ESTACAO_TRATAMENTO) VALUES (SEQ_ID_SENSOR.NEXTVAL, 'VAZAO', 'LPM', SEQ_ID_ESTACAO.CURRVAL);
    INSERT INTO T_FV_ESTACAO_TRATAMENTO (ID_ESTACAO_TRATAMENTO, DT_INSTALACAO, ST_ESTACAO) VALUES (SEQ_ID_ESTACAO.NEXTVAL, TO_DATE('2025-05-21', 'YYYY-MM-DD'), 'I');
    INSERT INTO T_FV_SENSOR (ID_SENSOR, TP_SENSOR, TP_MEDIDA, ID_ESTACAO_TRATAMENTO) VALUES (SEQ_ID_SENSOR.NEXTVAL, 'PH', 'PH', SEQ_ID_ESTACAO.CURRVAL);
    INSERT INTO T_FV_SENSOR (ID_SENSOR, TP_SENSOR, TP_MEDIDA, ID_ESTACAO_TRATAMENTO) VALUES (SEQ_ID_SENSOR.NEXTVAL, 'TURBIDEZ', 'NTU', SEQ_ID_ESTACAO.CURRVAL);
    INSERT INTO T_FV_SENSOR (ID_SENSOR, TP_SENSOR, TP_MEDIDA, ID_ESTACAO_TRATAMENTO) VALUES (SEQ_ID_SENSOR.NEXTVAL, 'TEMPERATURA', 'CELSIUS', SEQ_ID_ESTACAO.CURRVAL);
    INSERT INTO T_FV_SENSOR (ID_SENSOR, TP_SENSOR, TP_MEDIDA, ID_ESTACAO_TRATAMENTO) VALUES (SEQ_ID_SENSOR.NEXTVAL, 'NIVEL', 'CM', SEQ_ID_ESTACAO.CURRVAL);
    INSERT INTO T_FV_SENSOR (ID_SENSOR, TP_SENSOR, TP_MEDIDA, ID_ESTACAO_TRATAMENTO) VALUES (SEQ_ID_SENSOR.NEXTVAL, 'VAZAO', 'LPM', SEQ_ID_ESTACAO.CURRVAL);
    INSERT INTO T_FV_CONTATO (ID_CONTATO, DS_TELEFONE, DS_EMAIL, DS_CPF) VALUES (SEQ_ID_CONTATO.NEXTVAL, '55848729758', 'spimenta@example.com', '47291005221');
    INSERT INTO T_FV_ESTACAO_TRATAMENTO (ID_ESTACAO_TRATAMENTO, DT_INSTALACAO, ST_ESTACAO, DS_CPF) VALUES (SEQ_ID_ESTACAO.NEXTVAL, TO_DATE('2025-05-23', 'YYYY-MM-DD'), 'A', '47291005221');
    INSERT INTO T_FV_SENSOR (ID_SENSOR, TP_SENSOR, TP_MEDIDA, ID_ESTACAO_TRATAMENTO) VALUES (SEQ_ID_SENSOR.NEXTVAL, 'PH', 'PH', SEQ_ID_ESTACAO.CURRVAL);
    INSERT INTO T_FV_SENSOR (ID_SENSOR, TP_SENSOR, TP_MEDIDA, ID_ESTACAO_TRATAMENTO) VALUES (SEQ_ID_SENSOR.NEXTVAL, 'TURBIDEZ', 'NTU', SEQ_ID_ESTACAO.CURRVAL);
    INSERT INTO T_FV_SENSOR (ID_SENSOR, TP_SENSOR, TP_MEDIDA, ID_ESTACAO_TRATAMENTO) VALUES (SEQ_ID_SENSOR.NEXTVAL, 'TEMPERATURA', 'CELSIUS', SEQ_ID_ESTACAO.CURRVAL);
    INSERT INTO T_FV_SENSOR (ID_SENSOR, TP_SENSOR, TP_MEDIDA, ID_ESTACAO_TRATAMENTO) VALUES (SEQ_ID_SENSOR.NEXTVAL, 'NIVEL', 'CM', SEQ_ID_ESTACAO.CURRVAL);
    INSERT INTO T_FV_SENSOR (ID_SENSOR, TP_SENSOR, TP_MEDIDA, ID_ESTACAO_TRATAMENTO) VALUES (SEQ_ID_SENSOR.NEXTVAL, 'VAZAO', 'LPM', SEQ_ID_ESTACAO.CURRVAL);
    INSERT INTO T_FV_ESTACAO_TRATAMENTO (ID_ESTACAO_TRATAMENTO, DT_INSTALACAO, ST_ESTACAO) VALUES (SEQ_ID_ESTACAO.NEXTVAL, TO_DATE('2025-05-01', 'YYYY-MM-DD'), 'I');
    INSERT INTO T_FV_SENSOR (ID_SENSOR, TP_SENSOR, TP_MEDIDA, ID_ESTACAO_TRATAMENTO) VALUES (SEQ_ID_SENSOR.NEXTVAL, 'PH', 'PH', SEQ_ID_ESTACAO.CURRVAL);
    INSERT INTO T_FV_SENSOR (ID_SENSOR, TP_SENSOR, TP_MEDIDA, ID_ESTACAO_TRATAMENTO) VALUES (SEQ_ID_SENSOR.NEXTVAL, 'TURBIDEZ', 'NTU', SEQ_ID_ESTACAO.CURRVAL);
    INSERT INTO T_FV_SENSOR (ID_SENSOR, TP_SENSOR, TP_MEDIDA, ID_ESTACAO_TRATAMENTO) VALUES (SEQ_ID_SENSOR.NEXTVAL, 'TEMPERATURA', 'CELSIUS', SEQ_ID_ESTACAO.CURRVAL);
    INSERT INTO T_FV_SENSOR (ID_SENSOR, TP_SENSOR, TP_MEDIDA, ID_ESTACAO_TRATAMENTO) VALUES (SEQ_ID_SENSOR.NEXTVAL, 'NIVEL', 'CM', SEQ_ID_ESTACAO.CURRVAL);
    INSERT INTO T_FV_SENSOR (ID_SENSOR, TP_SENSOR, TP_MEDIDA, ID_ESTACAO_TRATAMENTO) VALUES (SEQ_ID_SENSOR.NEXTVAL, 'VAZAO', 'LPM', SEQ_ID_ESTACAO.CURRVAL);
    INSERT INTO T_FV_CONTATO (ID_CONTATO, DS_TELEFONE, DS_EMAIL, DS_CPF) VALUES (SEQ_ID_CONTATO.NEXTVAL, '55848729758', 'spimenta@example.com', '47291005221');
    INSERT INTO T_FV_ESTACAO_TRATAMENTO (ID_ESTACAO_TRATAMENTO, DT_INSTALACAO, ST_ESTACAO, DS_CPF) VALUES (SEQ_ID_ESTACAO.NEXTVAL, TO_DATE('2025-05-13', 'YYYY-MM-DD'), 'A', '47291005221');
    INSERT INTO T_FV_SENSOR (ID_SENSOR, TP_SENSOR, TP_MEDIDA, ID_ESTACAO_TRATAMENTO) VALUES (SEQ_ID_SENSOR.NEXTVAL, 'PH', 'PH', SEQ_ID_ESTACAO.CURRVAL);
    INSERT INTO T_FV_SENSOR (ID_SENSOR, TP_SENSOR, TP_MEDIDA, ID_ESTACAO_TRATAMENTO) VALUES (SEQ_ID_SENSOR.NEXTVAL, 'TURBIDEZ', 'NTU', SEQ_ID_ESTACAO.CURRVAL);
    INSERT INTO T_FV_SENSOR (ID_SENSOR, TP_SENSOR, TP_MEDIDA, ID_ESTACAO_TRATAMENTO) VALUES (SEQ_ID_SENSOR.NEXTVAL, 'TEMPERATURA', 'CELSIUS', SEQ_ID_ESTACAO.CURRVAL);
    INSERT INTO T_FV_SENSOR (ID_SENSOR, TP_SENSOR, TP_MEDIDA, ID_ESTACAO_TRATAMENTO) VALUES (SEQ_ID_SENSOR.NEXTVAL, 'NIVEL', 'CM', SEQ_ID_ESTACAO.CURRVAL);
    INSERT INTO T_FV_SENSOR (ID_SENSOR, TP_SENSOR, TP_MEDIDA, ID_ESTACAO_TRATAMENTO) VALUES (SEQ_ID_SENSOR.NEXTVAL, 'VAZAO', 'LPM', SEQ_ID_ESTACAO.CURRVAL);
    INSERT INTO T_FV_RESPONSAVEL (DS_CPF, NM_RESPONSAVEL) VALUES ('21569121907', 'Clarice Gomes Rios');
    INSERT INTO T_FV_CONTATO (ID_CONTATO, DS_TELEFONE, DS_EMAIL, DS_CPF) VALUES (SEQ_ID_CONTATO.NEXTVAL, '7148703962', 'allana15@example.org', '21569121907');
    INSERT INTO T_FV_ESTACAO_TRATAMENTO (ID_ESTACAO_TRATAMENTO, DT_INSTALACAO, ST_ESTACAO, DS_CPF) VALUES (SEQ_ID_ESTACAO.NEXTVAL, TO_DATE('2025-05-19', 'YYYY-MM-DD'), 'A', '21569121907');
    INSERT INTO T_FV_SENSOR (ID_SENSOR, TP_SENSOR, TP_MEDIDA, ID_ESTACAO_TRATAMENTO) VALUES (SEQ_ID_SENSOR.NEXTVAL, 'PH', 'PH', SEQ_ID_ESTACAO.CURRVAL);
    INSERT INTO T_FV_SENSOR (ID_SENSOR, TP_SENSOR, TP_MEDIDA, ID_ESTACAO_TRATAMENTO) VALUES (SEQ_ID_SENSOR.NEXTVAL, 'TURBIDEZ', 'NTU', SEQ_ID_ESTACAO.CURRVAL);
    INSERT INTO T_FV_SENSOR (ID_SENSOR, TP_SENSOR, TP_MEDIDA, ID_ESTACAO_TRATAMENTO) VALUES (SEQ_ID_SENSOR.NEXTVAL, 'TEMPERATURA', 'CELSIUS', SEQ_ID_ESTACAO.CURRVAL);
    INSERT INTO T_FV_SENSOR (ID_SENSOR, TP_SENSOR, TP_MEDIDA, ID_ESTACAO_TRATAMENTO) VALUES (SEQ_ID_SENSOR.NEXTVAL, 'NIVEL', 'CM', SEQ_ID_ESTACAO.CURRVAL);
    INSERT INTO T_FV_SENSOR (ID_SENSOR, TP_SENSOR, TP_MEDIDA, ID_ESTACAO_TRATAMENTO) VALUES (SEQ_ID_SENSOR.NEXTVAL, 'VAZAO', 'LPM', SEQ_ID_ESTACAO.CURRVAL);
    INSERT INTO T_FV_RESPONSAVEL (DS_CPF, NM_RESPONSAVEL) VALUES ('97993799970', 'Srta Juliana Sousa Monteiro');
    INSERT INTO T_FV_CONTATO (ID_CONTATO, DS_TELEFONE, DS_EMAIL, DS_CPF) VALUES (SEQ_ID_CONTATO.NEXTVAL, '05101219601', 'ribeiromaria-luiza@example.org', '97993799970');
    INSERT INTO T_FV_ESTACAO_TRATAMENTO (ID_ESTACAO_TRATAMENTO, DT_INSTALACAO, ST_ESTACAO, DS_CPF) VALUES (SEQ_ID_ESTACAO.NEXTVAL, TO_DATE('2025-05-27', 'YYYY-MM-DD'), 'A', '97993799970');
    INSERT INTO T_FV_SENSOR (ID_SENSOR, TP_SENSOR, TP_MEDIDA, ID_ESTACAO_TRATAMENTO) VALUES (SEQ_ID_SENSOR.NEXTVAL, 'PH', 'PH', SEQ_ID_ESTACAO.CURRVAL);
    INSERT INTO T_FV_SENSOR (ID_SENSOR, TP_SENSOR, TP_MEDIDA, ID_ESTACAO_TRATAMENTO) VALUES (SEQ_ID_SENSOR.NEXTVAL, 'TURBIDEZ', 'NTU', SEQ_ID_ESTACAO.CURRVAL);
    INSERT INTO T_FV_SENSOR (ID_SENSOR, TP_SENSOR, TP_MEDIDA, ID_ESTACAO_TRATAMENTO) VALUES (SEQ_ID_SENSOR.NEXTVAL, 'TEMPERATURA', 'CELSIUS', SEQ_ID_ESTACAO.CURRVAL);
    INSERT INTO T_FV_SENSOR (ID_SENSOR, TP_SENSOR, TP_MEDIDA, ID_ESTACAO_TRATAMENTO) VALUES (SEQ_ID_SENSOR.NEXTVAL, 'NIVEL', 'CM', SEQ_ID_ESTACAO.CURRVAL);
    INSERT INTO T_FV_SENSOR (ID_SENSOR, TP_SENSOR, TP_MEDIDA, ID_ESTACAO_TRATAMENTO) VALUES (SEQ_ID_SENSOR.NEXTVAL, 'VAZAO', 'LPM', SEQ_ID_ESTACAO.CURRVAL);
    INSERT INTO T_FV_ESTACAO_TRATAMENTO (ID_ESTACAO_TRATAMENTO, DT_INSTALACAO, ST_ESTACAO) VALUES (SEQ_ID_ESTACAO.NEXTVAL, TO_DATE('2025-05-29', 'YYYY-MM-DD'), 'I');
    INSERT INTO T_FV_SENSOR (ID_SENSOR, TP_SENSOR, TP_MEDIDA, ID_ESTACAO_TRATAMENTO) VALUES (SEQ_ID_SENSOR.NEXTVAL, 'PH', 'PH', SEQ_ID_ESTACAO.CURRVAL);
    INSERT INTO T_FV_SENSOR (ID_SENSOR, TP_SENSOR, TP_MEDIDA, ID_ESTACAO_TRATAMENTO) VALUES (SEQ_ID_SENSOR.NEXTVAL, 'TURBIDEZ', 'NTU', SEQ_ID_ESTACAO.CURRVAL);
    INSERT INTO T_FV_SENSOR (ID_SENSOR, TP_SENSOR, TP_MEDIDA, ID_ESTACAO_TRATAMENTO) VALUES (SEQ_ID_SENSOR.NEXTVAL, 'TEMPERATURA', 'CELSIUS', SEQ_ID_ESTACAO.CURRVAL);
    INSERT INTO T_FV_SENSOR (ID_SENSOR, TP_SENSOR, TP_MEDIDA, ID_ESTACAO_TRATAMENTO) VALUES (SEQ_ID_SENSOR.NEXTVAL, 'NIVEL', 'CM', SEQ_ID_ESTACAO.CURRVAL);
    INSERT INTO T_FV_SENSOR (ID_SENSOR, TP_SENSOR, TP_MEDIDA, ID_ESTACAO_TRATAMENTO) VALUES (SEQ_ID_SENSOR.NEXTVAL, 'VAZAO', 'LPM', SEQ_ID_ESTACAO.CURRVAL);
    INSERT INTO T_FV_CONTATO (ID_CONTATO, DS_TELEFONE, DS_EMAIL, DS_CPF) VALUES (SEQ_ID_CONTATO.NEXTVAL, '05101219601', 'ribeiromaria-luiza@example.org', '97993799970');
    INSERT INTO T_FV_ESTACAO_TRATAMENTO (ID_ESTACAO_TRATAMENTO, DT_INSTALACAO, ST_ESTACAO, DS_CPF) VALUES (SEQ_ID_ESTACAO.NEXTVAL, TO_DATE('2025-05-13', 'YYYY-MM-DD'), 'A', '97993799970');
    INSERT INTO T_FV_SENSOR (ID_SENSOR, TP_SENSOR, TP_MEDIDA, ID_ESTACAO_TRATAMENTO) VALUES (SEQ_ID_SENSOR.NEXTVAL, 'PH', 'PH', SEQ_ID_ESTACAO.CURRVAL);
    INSERT INTO T_FV_SENSOR (ID_SENSOR, TP_SENSOR, TP_MEDIDA, ID_ESTACAO_TRATAMENTO) VALUES (SEQ_ID_SENSOR.NEXTVAL, 'TURBIDEZ', 'NTU', SEQ_ID_ESTACAO.CURRVAL);
    INSERT INTO T_FV_SENSOR (ID_SENSOR, TP_SENSOR, TP_MEDIDA, ID_ESTACAO_TRATAMENTO) VALUES (SEQ_ID_SENSOR.NEXTVAL, 'TEMPERATURA', 'CELSIUS', SEQ_ID_ESTACAO.CURRVAL);
    INSERT INTO T_FV_SENSOR (ID_SENSOR, TP_SENSOR, TP_MEDIDA, ID_ESTACAO_TRATAMENTO) VALUES (SEQ_ID_SENSOR.NEXTVAL, 'NIVEL', 'CM', SEQ_ID_ESTACAO.CURRVAL);
    INSERT INTO T_FV_SENSOR (ID_SENSOR, TP_SENSOR, TP_MEDIDA, ID_ESTACAO_TRATAMENTO) VALUES (SEQ_ID_SENSOR.NEXTVAL, 'VAZAO', 'LPM', SEQ_ID_ESTACAO.CURRVAL);
    INSERT INTO T_FV_ESTACAO_TRATAMENTO (ID_ESTACAO_TRATAMENTO, DT_INSTALACAO, ST_ESTACAO) VALUES (SEQ_ID_ESTACAO.NEXTVAL, TO_DATE('2025-05-05', 'YYYY-MM-DD'), 'I');
    INSERT INTO T_FV_SENSOR (ID_SENSOR, TP_SENSOR, TP_MEDIDA, ID_ESTACAO_TRATAMENTO) VALUES (SEQ_ID_SENSOR.NEXTVAL, 'PH', 'PH', SEQ_ID_ESTACAO.CURRVAL);
    INSERT INTO T_FV_SENSOR (ID_SENSOR, TP_SENSOR, TP_MEDIDA, ID_ESTACAO_TRATAMENTO) VALUES (SEQ_ID_SENSOR.NEXTVAL, 'TURBIDEZ', 'NTU', SEQ_ID_ESTACAO.CURRVAL);
    INSERT INTO T_FV_SENSOR (ID_SENSOR, TP_SENSOR, TP_MEDIDA, ID_ESTACAO_TRATAMENTO) VALUES (SEQ_ID_SENSOR.NEXTVAL, 'TEMPERATURA', 'CELSIUS', SEQ_ID_ESTACAO.CURRVAL);
    INSERT INTO T_FV_SENSOR (ID_SENSOR, TP_SENSOR, TP_MEDIDA, ID_ESTACAO_TRATAMENTO) VALUES (SEQ_ID_SENSOR.NEXTVAL, 'NIVEL', 'CM', SEQ_ID_ESTACAO.CURRVAL);
    INSERT INTO T_FV_SENSOR (ID_SENSOR, TP_SENSOR, TP_MEDIDA, ID_ESTACAO_TRATAMENTO) VALUES (SEQ_ID_SENSOR.NEXTVAL, 'VAZAO', 'LPM', SEQ_ID_ESTACAO.CURRVAL);
    INSERT INTO T_FV_RESPONSAVEL (DS_CPF, NM_RESPONSAVEL) VALUES ('55417846627', 'Luisa Brito Correia');
    INSERT INTO T_FV_CONTATO (ID_CONTATO, DS_TELEFONE, DS_EMAIL, DS_CPF) VALUES (SEQ_ID_CONTATO.NEXTVAL, '8438089020', 'barbosaantonella@example.com', '55417846627');
    INSERT INTO T_FV_ESTACAO_TRATAMENTO (ID_ESTACAO_TRATAMENTO, DT_INSTALACAO, ST_ESTACAO, DS_CPF) VALUES (SEQ_ID_ESTACAO.NEXTVAL, TO_DATE('2025-05-02', 'YYYY-MM-DD'), 'A', '55417846627');
    INSERT INTO T_FV_SENSOR (ID_SENSOR, TP_SENSOR, TP_MEDIDA, ID_ESTACAO_TRATAMENTO) VALUES (SEQ_ID_SENSOR.NEXTVAL, 'PH', 'PH', SEQ_ID_ESTACAO.CURRVAL);
    INSERT INTO T_FV_SENSOR (ID_SENSOR, TP_SENSOR, TP_MEDIDA, ID_ESTACAO_TRATAMENTO) VALUES (SEQ_ID_SENSOR.NEXTVAL, 'TURBIDEZ', 'NTU', SEQ_ID_ESTACAO.CURRVAL);
    INSERT INTO T_FV_SENSOR (ID_SENSOR, TP_SENSOR, TP_MEDIDA, ID_ESTACAO_TRATAMENTO) VALUES (SEQ_ID_SENSOR.NEXTVAL, 'TEMPERATURA', 'CELSIUS', SEQ_ID_ESTACAO.CURRVAL);
    INSERT INTO T_FV_SENSOR (ID_SENSOR, TP_SENSOR, TP_MEDIDA, ID_ESTACAO_TRATAMENTO) VALUES (SEQ_ID_SENSOR.NEXTVAL, 'NIVEL', 'CM', SEQ_ID_ESTACAO.CURRVAL);
    INSERT INTO T_FV_SENSOR (ID_SENSOR, TP_SENSOR, TP_MEDIDA, ID_ESTACAO_TRATAMENTO) VALUES (SEQ_ID_SENSOR.NEXTVAL, 'VAZAO', 'LPM', SEQ_ID_ESTACAO.CURRVAL);
    INSERT INTO T_FV_ESTACAO_TRATAMENTO (ID_ESTACAO_TRATAMENTO, DT_INSTALACAO, ST_ESTACAO) VALUES (SEQ_ID_ESTACAO.NEXTVAL, TO_DATE('2025-05-07', 'YYYY-MM-DD'), 'I');
    INSERT INTO T_FV_SENSOR (ID_SENSOR, TP_SENSOR, TP_MEDIDA, ID_ESTACAO_TRATAMENTO) VALUES (SEQ_ID_SENSOR.NEXTVAL, 'PH', 'PH', SEQ_ID_ESTACAO.CURRVAL);
    INSERT INTO T_FV_SENSOR (ID_SENSOR, TP_SENSOR, TP_MEDIDA, ID_ESTACAO_TRATAMENTO) VALUES (SEQ_ID_SENSOR.NEXTVAL, 'TURBIDEZ', 'NTU', SEQ_ID_ESTACAO.CURRVAL);
    INSERT INTO T_FV_SENSOR (ID_SENSOR, TP_SENSOR, TP_MEDIDA, ID_ESTACAO_TRATAMENTO) VALUES (SEQ_ID_SENSOR.NEXTVAL, 'TEMPERATURA', 'CELSIUS', SEQ_ID_ESTACAO.CURRVAL);
    INSERT INTO T_FV_SENSOR (ID_SENSOR, TP_SENSOR, TP_MEDIDA, ID_ESTACAO_TRATAMENTO) VALUES (SEQ_ID_SENSOR.NEXTVAL, 'NIVEL', 'CM', SEQ_ID_ESTACAO.CURRVAL);
    INSERT INTO T_FV_SENSOR (ID_SENSOR, TP_SENSOR, TP_MEDIDA, ID_ESTACAO_TRATAMENTO) VALUES (SEQ_ID_SENSOR.NEXTVAL, 'VAZAO', 'LPM', SEQ_ID_ESTACAO.CURRVAL);
    INSERT INTO T_FV_ESTACAO_TRATAMENTO (ID_ESTACAO_TRATAMENTO, DT_INSTALACAO, ST_ESTACAO) VALUES (SEQ_ID_ESTACAO.NEXTVAL, TO_DATE('2025-05-16', 'YYYY-MM-DD'), 'I');
    INSERT INTO T_FV_SENSOR (ID_SENSOR, TP_SENSOR, TP_MEDIDA, ID_ESTACAO_TRATAMENTO) VALUES (SEQ_ID_SENSOR.NEXTVAL, 'PH', 'PH', SEQ_ID_ESTACAO.CURRVAL);
    INSERT INTO T_FV_SENSOR (ID_SENSOR, TP_SENSOR, TP_MEDIDA, ID_ESTACAO_TRATAMENTO) VALUES (SEQ_ID_SENSOR.NEXTVAL, 'TURBIDEZ', 'NTU', SEQ_ID_ESTACAO.CURRVAL);
    INSERT INTO T_FV_SENSOR (ID_SENSOR, TP_SENSOR, TP_MEDIDA, ID_ESTACAO_TRATAMENTO) VALUES (SEQ_ID_SENSOR.NEXTVAL, 'TEMPERATURA', 'CELSIUS', SEQ_ID_ESTACAO.CURRVAL);
    INSERT INTO T_FV_SENSOR (ID_SENSOR, TP_SENSOR, TP_MEDIDA, ID_ESTACAO_TRATAMENTO) VALUES (SEQ_ID_SENSOR.NEXTVAL, 'NIVEL', 'CM', SEQ_ID_ESTACAO.CURRVAL);
    INSERT INTO T_FV_SENSOR (ID_SENSOR, TP_SENSOR, TP_MEDIDA, ID_ESTACAO_TRATAMENTO) VALUES (SEQ_ID_SENSOR.NEXTVAL, 'VAZAO', 'LPM', SEQ_ID_ESTACAO.CURRVAL);
    INSERT INTO T_FV_RESPONSAVEL (DS_CPF, NM_RESPONSAVEL) VALUES ('64483753410', 'Ravi Pires Casa Grande');
    INSERT INTO T_FV_CONTATO (ID_CONTATO, DS_TELEFONE, DS_EMAIL, DS_CPF) VALUES (SEQ_ID_CONTATO.NEXTVAL, '08002147494', 'leticiamelo@example.net', '64483753410');
    INSERT INTO T_FV_ESTACAO_TRATAMENTO (ID_ESTACAO_TRATAMENTO, DT_INSTALACAO, ST_ESTACAO, DS_CPF) VALUES (SEQ_ID_ESTACAO.NEXTVAL, TO_DATE('2025-05-10', 'YYYY-MM-DD'), 'A', '64483753410');
    INSERT INTO T_FV_SENSOR (ID_SENSOR, TP_SENSOR, TP_MEDIDA, ID_ESTACAO_TRATAMENTO) VALUES (SEQ_ID_SENSOR.NEXTVAL, 'PH', 'PH', SEQ_ID_ESTACAO.CURRVAL);
    INSERT INTO T_FV_SENSOR (ID_SENSOR, TP_SENSOR, TP_MEDIDA, ID_ESTACAO_TRATAMENTO) VALUES (SEQ_ID_SENSOR.NEXTVAL, 'TURBIDEZ', 'NTU', SEQ_ID_ESTACAO.CURRVAL);
    INSERT INTO T_FV_SENSOR (ID_SENSOR, TP_SENSOR, TP_MEDIDA, ID_ESTACAO_TRATAMENTO) VALUES (SEQ_ID_SENSOR.NEXTVAL, 'TEMPERATURA', 'CELSIUS', SEQ_ID_ESTACAO.CURRVAL);
    INSERT INTO T_FV_SENSOR (ID_SENSOR, TP_SENSOR, TP_MEDIDA, ID_ESTACAO_TRATAMENTO) VALUES (SEQ_ID_SENSOR.NEXTVAL, 'NIVEL', 'CM', SEQ_ID_ESTACAO.CURRVAL);
    INSERT INTO T_FV_SENSOR (ID_SENSOR, TP_SENSOR, TP_MEDIDA, ID_ESTACAO_TRATAMENTO) VALUES (SEQ_ID_SENSOR.NEXTVAL, 'VAZAO', 'LPM', SEQ_ID_ESTACAO.CURRVAL);
    INSERT INTO T_FV_RESPONSAVEL (DS_CPF, NM_RESPONSAVEL) VALUES ('81844602877', 'Yuri Fernandes Camargo');
    INSERT INTO T_FV_CONTATO (ID_CONTATO, DS_TELEFONE, DS_EMAIL, DS_CPF) VALUES (SEQ_ID_CONTATO.NEXTVAL, '08135420210', 'pda-cunha@example.net', '81844602877');
    INSERT INTO T_FV_ESTACAO_TRATAMENTO (ID_ESTACAO_TRATAMENTO, DT_INSTALACAO, ST_ESTACAO, DS_CPF) VALUES (SEQ_ID_ESTACAO.NEXTVAL, TO_DATE('2025-05-28', 'YYYY-MM-DD'), 'A', '81844602877');
    INSERT INTO T_FV_SENSOR (ID_SENSOR, TP_SENSOR, TP_MEDIDA, ID_ESTACAO_TRATAMENTO) VALUES (SEQ_ID_SENSOR.NEXTVAL, 'PH', 'PH', SEQ_ID_ESTACAO.CURRVAL);
    INSERT INTO T_FV_SENSOR (ID_SENSOR, TP_SENSOR, TP_MEDIDA, ID_ESTACAO_TRATAMENTO) VALUES (SEQ_ID_SENSOR.NEXTVAL, 'TURBIDEZ', 'NTU', SEQ_ID_ESTACAO.CURRVAL);
    INSERT INTO T_FV_SENSOR (ID_SENSOR, TP_SENSOR, TP_MEDIDA, ID_ESTACAO_TRATAMENTO) VALUES (SEQ_ID_SENSOR.NEXTVAL, 'TEMPERATURA', 'CELSIUS', SEQ_ID_ESTACAO.CURRVAL);
    INSERT INTO T_FV_SENSOR (ID_SENSOR, TP_SENSOR, TP_MEDIDA, ID_ESTACAO_TRATAMENTO) VALUES (SEQ_ID_SENSOR.NEXTVAL, 'NIVEL', 'CM', SEQ_ID_ESTACAO.CURRVAL);
    INSERT INTO T_FV_SENSOR (ID_SENSOR, TP_SENSOR, TP_MEDIDA, ID_ESTACAO_TRATAMENTO) VALUES (SEQ_ID_SENSOR.NEXTVAL, 'VAZAO', 'LPM', SEQ_ID_ESTACAO.CURRVAL);
    INSERT INTO T_FV_CONTATO (ID_CONTATO, DS_TELEFONE, DS_EMAIL, DS_CPF) VALUES (SEQ_ID_CONTATO.NEXTVAL, '08135420210', 'pda-cunha@example.net', '81844602877');
    INSERT INTO T_FV_ESTACAO_TRATAMENTO (ID_ESTACAO_TRATAMENTO, DT_INSTALACAO, ST_ESTACAO, DS_CPF) VALUES (SEQ_ID_ESTACAO.NEXTVAL, TO_DATE('2025-05-15', 'YYYY-MM-DD'), 'A', '81844602877');
    INSERT INTO T_FV_SENSOR (ID_SENSOR, TP_SENSOR, TP_MEDIDA, ID_ESTACAO_TRATAMENTO) VALUES (SEQ_ID_SENSOR.NEXTVAL, 'PH', 'PH', SEQ_ID_ESTACAO.CURRVAL);
    INSERT INTO T_FV_SENSOR (ID_SENSOR, TP_SENSOR, TP_MEDIDA, ID_ESTACAO_TRATAMENTO) VALUES (SEQ_ID_SENSOR.NEXTVAL, 'TURBIDEZ', 'NTU', SEQ_ID_ESTACAO.CURRVAL);
    INSERT INTO T_FV_SENSOR (ID_SENSOR, TP_SENSOR, TP_MEDIDA, ID_ESTACAO_TRATAMENTO) VALUES (SEQ_ID_SENSOR.NEXTVAL, 'TEMPERATURA', 'CELSIUS', SEQ_ID_ESTACAO.CURRVAL);
    INSERT INTO T_FV_SENSOR (ID_SENSOR, TP_SENSOR, TP_MEDIDA, ID_ESTACAO_TRATAMENTO) VALUES (SEQ_ID_SENSOR.NEXTVAL, 'NIVEL', 'CM', SEQ_ID_ESTACAO.CURRVAL);
    INSERT INTO T_FV_SENSOR (ID_SENSOR, TP_SENSOR, TP_MEDIDA, ID_ESTACAO_TRATAMENTO) VALUES (SEQ_ID_SENSOR.NEXTVAL, 'VAZAO', 'LPM', SEQ_ID_ESTACAO.CURRVAL);
    INSERT INTO T_FV_CONTATO (ID_CONTATO, DS_TELEFONE, DS_EMAIL, DS_CPF) VALUES (SEQ_ID_CONTATO.NEXTVAL, '08135420210', 'pda-cunha@example.net', '81844602877');
    INSERT INTO T_FV_ESTACAO_TRATAMENTO (ID_ESTACAO_TRATAMENTO, DT_INSTALACAO, ST_ESTACAO, DS_CPF) VALUES (SEQ_ID_ESTACAO.NEXTVAL, TO_DATE('2025-05-27', 'YYYY-MM-DD'), 'A', '81844602877');
    INSERT INTO T_FV_SENSOR (ID_SENSOR, TP_SENSOR, TP_MEDIDA, ID_ESTACAO_TRATAMENTO) VALUES (SEQ_ID_SENSOR.NEXTVAL, 'PH', 'PH', SEQ_ID_ESTACAO.CURRVAL);
    INSERT INTO T_FV_SENSOR (ID_SENSOR, TP_SENSOR, TP_MEDIDA, ID_ESTACAO_TRATAMENTO) VALUES (SEQ_ID_SENSOR.NEXTVAL, 'TURBIDEZ', 'NTU', SEQ_ID_ESTACAO.CURRVAL);
    INSERT INTO T_FV_SENSOR (ID_SENSOR, TP_SENSOR, TP_MEDIDA, ID_ESTACAO_TRATAMENTO) VALUES (SEQ_ID_SENSOR.NEXTVAL, 'TEMPERATURA', 'CELSIUS', SEQ_ID_ESTACAO.CURRVAL);
    INSERT INTO T_FV_SENSOR (ID_SENSOR, TP_SENSOR, TP_MEDIDA, ID_ESTACAO_TRATAMENTO) VALUES (SEQ_ID_SENSOR.NEXTVAL, 'NIVEL', 'CM', SEQ_ID_ESTACAO.CURRVAL);
    INSERT INTO T_FV_SENSOR (ID_SENSOR, TP_SENSOR, TP_MEDIDA, ID_ESTACAO_TRATAMENTO) VALUES (SEQ_ID_SENSOR.NEXTVAL, 'VAZAO', 'LPM', SEQ_ID_ESTACAO.CURRVAL);
    INSERT INTO T_FV_CONTATO (ID_CONTATO, DS_TELEFONE, DS_EMAIL, DS_CPF) VALUES (SEQ_ID_CONTATO.NEXTVAL, '08135420210', 'pda-cunha@example.net', '81844602877');
    INSERT INTO T_FV_ESTACAO_TRATAMENTO (ID_ESTACAO_TRATAMENTO, DT_INSTALACAO, ST_ESTACAO, DS_CPF) VALUES (SEQ_ID_ESTACAO.NEXTVAL, TO_DATE('2025-05-03', 'YYYY-MM-DD'), 'A', '81844602877');
    INSERT INTO T_FV_SENSOR (ID_SENSOR, TP_SENSOR, TP_MEDIDA, ID_ESTACAO_TRATAMENTO) VALUES (SEQ_ID_SENSOR.NEXTVAL, 'PH', 'PH', SEQ_ID_ESTACAO.CURRVAL);
    INSERT INTO T_FV_SENSOR (ID_SENSOR, TP_SENSOR, TP_MEDIDA, ID_ESTACAO_TRATAMENTO) VALUES (SEQ_ID_SENSOR.NEXTVAL, 'TURBIDEZ', 'NTU', SEQ_ID_ESTACAO.CURRVAL);
    INSERT INTO T_FV_SENSOR (ID_SENSOR, TP_SENSOR, TP_MEDIDA, ID_ESTACAO_TRATAMENTO) VALUES (SEQ_ID_SENSOR.NEXTVAL, 'TEMPERATURA', 'CELSIUS', SEQ_ID_ESTACAO.CURRVAL);
    INSERT INTO T_FV_SENSOR (ID_SENSOR, TP_SENSOR, TP_MEDIDA, ID_ESTACAO_TRATAMENTO) VALUES (SEQ_ID_SENSOR.NEXTVAL, 'NIVEL', 'CM', SEQ_ID_ESTACAO.CURRVAL);
    INSERT INTO T_FV_SENSOR (ID_SENSOR, TP_SENSOR, TP_MEDIDA, ID_ESTACAO_TRATAMENTO) VALUES (SEQ_ID_SENSOR.NEXTVAL, 'VAZAO', 'LPM', SEQ_ID_ESTACAO.CURRVAL);
    INSERT INTO T_FV_RESPONSAVEL (DS_CPF, NM_RESPONSAVEL) VALUES ('32739815638', 'Dom Ribeiro Abreu');
    INSERT INTO T_FV_CONTATO (ID_CONTATO, DS_TELEFONE, DS_EMAIL, DS_CPF) VALUES (SEQ_ID_CONTATO.NEXTVAL, '09004505451', 'felipe99@example.net', '32739815638');
    INSERT INTO T_FV_ESTACAO_TRATAMENTO (ID_ESTACAO_TRATAMENTO, DT_INSTALACAO, ST_ESTACAO, DS_CPF) VALUES (SEQ_ID_ESTACAO.NEXTVAL, TO_DATE('2025-05-26', 'YYYY-MM-DD'), 'A', '32739815638');
    INSERT INTO T_FV_SENSOR (ID_SENSOR, TP_SENSOR, TP_MEDIDA, ID_ESTACAO_TRATAMENTO) VALUES (SEQ_ID_SENSOR.NEXTVAL, 'PH', 'PH', SEQ_ID_ESTACAO.CURRVAL);
    INSERT INTO T_FV_SENSOR (ID_SENSOR, TP_SENSOR, TP_MEDIDA, ID_ESTACAO_TRATAMENTO) VALUES (SEQ_ID_SENSOR.NEXTVAL, 'TURBIDEZ', 'NTU', SEQ_ID_ESTACAO.CURRVAL);
    INSERT INTO T_FV_SENSOR (ID_SENSOR, TP_SENSOR, TP_MEDIDA, ID_ESTACAO_TRATAMENTO) VALUES (SEQ_ID_SENSOR.NEXTVAL, 'TEMPERATURA', 'CELSIUS', SEQ_ID_ESTACAO.CURRVAL);
    INSERT INTO T_FV_SENSOR (ID_SENSOR, TP_SENSOR, TP_MEDIDA, ID_ESTACAO_TRATAMENTO) VALUES (SEQ_ID_SENSOR.NEXTVAL, 'NIVEL', 'CM', SEQ_ID_ESTACAO.CURRVAL);
    INSERT INTO T_FV_SENSOR (ID_SENSOR, TP_SENSOR, TP_MEDIDA, ID_ESTACAO_TRATAMENTO) VALUES (SEQ_ID_SENSOR.NEXTVAL, 'VAZAO', 'LPM', SEQ_ID_ESTACAO.CURRVAL);
    INSERT INTO T_FV_CONTATO (ID_CONTATO, DS_TELEFONE, DS_EMAIL, DS_CPF) VALUES (SEQ_ID_CONTATO.NEXTVAL, '09004505451', 'felipe99@example.net', '32739815638');
    INSERT INTO T_FV_ESTACAO_TRATAMENTO (ID_ESTACAO_TRATAMENTO, DT_INSTALACAO, ST_ESTACAO, DS_CPF) VALUES (SEQ_ID_ESTACAO.NEXTVAL, TO_DATE('2025-05-10', 'YYYY-MM-DD'), 'A', '32739815638');
    INSERT INTO T_FV_SENSOR (ID_SENSOR, TP_SENSOR, TP_MEDIDA, ID_ESTACAO_TRATAMENTO) VALUES (SEQ_ID_SENSOR.NEXTVAL, 'PH', 'PH', SEQ_ID_ESTACAO.CURRVAL);
    INSERT INTO T_FV_SENSOR (ID_SENSOR, TP_SENSOR, TP_MEDIDA, ID_ESTACAO_TRATAMENTO) VALUES (SEQ_ID_SENSOR.NEXTVAL, 'TURBIDEZ', 'NTU', SEQ_ID_ESTACAO.CURRVAL);
    INSERT INTO T_FV_SENSOR (ID_SENSOR, TP_SENSOR, TP_MEDIDA, ID_ESTACAO_TRATAMENTO) VALUES (SEQ_ID_SENSOR.NEXTVAL, 'TEMPERATURA', 'CELSIUS', SEQ_ID_ESTACAO.CURRVAL);
    INSERT INTO T_FV_SENSOR (ID_SENSOR, TP_SENSOR, TP_MEDIDA, ID_ESTACAO_TRATAMENTO) VALUES (SEQ_ID_SENSOR.NEXTVAL, 'NIVEL', 'CM', SEQ_ID_ESTACAO.CURRVAL);
    INSERT INTO T_FV_SENSOR (ID_SENSOR, TP_SENSOR, TP_MEDIDA, ID_ESTACAO_TRATAMENTO) VALUES (SEQ_ID_SENSOR.NEXTVAL, 'VAZAO', 'LPM', SEQ_ID_ESTACAO.CURRVAL);
    INSERT INTO T_FV_ESTACAO_TRATAMENTO (ID_ESTACAO_TRATAMENTO, DT_INSTALACAO, ST_ESTACAO) VALUES (SEQ_ID_ESTACAO.NEXTVAL, TO_DATE('2025-05-13', 'YYYY-MM-DD'), 'I');
    INSERT INTO T_FV_SENSOR (ID_SENSOR, TP_SENSOR, TP_MEDIDA, ID_ESTACAO_TRATAMENTO) VALUES (SEQ_ID_SENSOR.NEXTVAL, 'PH', 'PH', SEQ_ID_ESTACAO.CURRVAL);
    INSERT INTO T_FV_SENSOR (ID_SENSOR, TP_SENSOR, TP_MEDIDA, ID_ESTACAO_TRATAMENTO) VALUES (SEQ_ID_SENSOR.NEXTVAL, 'TURBIDEZ', 'NTU', SEQ_ID_ESTACAO.CURRVAL);
    INSERT INTO T_FV_SENSOR (ID_SENSOR, TP_SENSOR, TP_MEDIDA, ID_ESTACAO_TRATAMENTO) VALUES (SEQ_ID_SENSOR.NEXTVAL, 'TEMPERATURA', 'CELSIUS', SEQ_ID_ESTACAO.CURRVAL);
    INSERT INTO T_FV_SENSOR (ID_SENSOR, TP_SENSOR, TP_MEDIDA, ID_ESTACAO_TRATAMENTO) VALUES (SEQ_ID_SENSOR.NEXTVAL, 'NIVEL', 'CM', SEQ_ID_ESTACAO.CURRVAL);
    INSERT INTO T_FV_SENSOR (ID_SENSOR, TP_SENSOR, TP_MEDIDA, ID_ESTACAO_TRATAMENTO) VALUES (SEQ_ID_SENSOR.NEXTVAL, 'VAZAO', 'LPM', SEQ_ID_ESTACAO.CURRVAL);
    INSERT INTO T_FV_ESTACAO_TRATAMENTO (ID_ESTACAO_TRATAMENTO, DT_INSTALACAO, ST_ESTACAO) VALUES (SEQ_ID_ESTACAO.NEXTVAL, TO_DATE('2025-05-10', 'YYYY-MM-DD'), 'I');
    INSERT INTO T_FV_SENSOR (ID_SENSOR, TP_SENSOR, TP_MEDIDA, ID_ESTACAO_TRATAMENTO) VALUES (SEQ_ID_SENSOR.NEXTVAL, 'PH', 'PH', SEQ_ID_ESTACAO.CURRVAL);
    INSERT INTO T_FV_SENSOR (ID_SENSOR, TP_SENSOR, TP_MEDIDA, ID_ESTACAO_TRATAMENTO) VALUES (SEQ_ID_SENSOR.NEXTVAL, 'TURBIDEZ', 'NTU', SEQ_ID_ESTACAO.CURRVAL);
    INSERT INTO T_FV_SENSOR (ID_SENSOR, TP_SENSOR, TP_MEDIDA, ID_ESTACAO_TRATAMENTO) VALUES (SEQ_ID_SENSOR.NEXTVAL, 'TEMPERATURA', 'CELSIUS', SEQ_ID_ESTACAO.CURRVAL);
    INSERT INTO T_FV_SENSOR (ID_SENSOR, TP_SENSOR, TP_MEDIDA, ID_ESTACAO_TRATAMENTO) VALUES (SEQ_ID_SENSOR.NEXTVAL, 'NIVEL', 'CM', SEQ_ID_ESTACAO.CURRVAL);
    INSERT INTO T_FV_SENSOR (ID_SENSOR, TP_SENSOR, TP_MEDIDA, ID_ESTACAO_TRATAMENTO) VALUES (SEQ_ID_SENSOR.NEXTVAL, 'VAZAO', 'LPM', SEQ_ID_ESTACAO.CURRVAL);
    INSERT INTO T_FV_CONTATO (ID_CONTATO, DS_TELEFONE, DS_EMAIL, DS_CPF) VALUES (SEQ_ID_CONTATO.NEXTVAL, '09004505451', 'felipe99@example.net', '32739815638');
    INSERT INTO T_FV_ESTACAO_TRATAMENTO (ID_ESTACAO_TRATAMENTO, DT_INSTALACAO, ST_ESTACAO, DS_CPF) VALUES (SEQ_ID_ESTACAO.NEXTVAL, TO_DATE('2025-05-10', 'YYYY-MM-DD'), 'A', '32739815638');
    INSERT INTO T_FV_SENSOR (ID_SENSOR, TP_SENSOR, TP_MEDIDA, ID_ESTACAO_TRATAMENTO) VALUES (SEQ_ID_SENSOR.NEXTVAL, 'PH', 'PH', SEQ_ID_ESTACAO.CURRVAL);
    INSERT INTO T_FV_SENSOR (ID_SENSOR, TP_SENSOR, TP_MEDIDA, ID_ESTACAO_TRATAMENTO) VALUES (SEQ_ID_SENSOR.NEXTVAL, 'TURBIDEZ', 'NTU', SEQ_ID_ESTACAO.CURRVAL);
    INSERT INTO T_FV_SENSOR (ID_SENSOR, TP_SENSOR, TP_MEDIDA, ID_ESTACAO_TRATAMENTO) VALUES (SEQ_ID_SENSOR.NEXTVAL, 'TEMPERATURA', 'CELSIUS', SEQ_ID_ESTACAO.CURRVAL);
    INSERT INTO T_FV_SENSOR (ID_SENSOR, TP_SENSOR, TP_MEDIDA, ID_ESTACAO_TRATAMENTO) VALUES (SEQ_ID_SENSOR.NEXTVAL, 'NIVEL', 'CM', SEQ_ID_ESTACAO.CURRVAL);
    INSERT INTO T_FV_SENSOR (ID_SENSOR, TP_SENSOR, TP_MEDIDA, ID_ESTACAO_TRATAMENTO) VALUES (SEQ_ID_SENSOR.NEXTVAL, 'VAZAO', 'LPM', SEQ_ID_ESTACAO.CURRVAL);
    INSERT INTO T_FV_RESPONSAVEL (DS_CPF, NM_RESPONSAVEL) VALUES ('52264687177', 'Matteo Duarte Silveira');
    INSERT INTO T_FV_CONTATO (ID_CONTATO, DS_TELEFONE, DS_EMAIL, DS_CPF) VALUES (SEQ_ID_CONTATO.NEXTVAL, '01116753995', 'ana-beatriz64@example.org', '52264687177');
    INSERT INTO T_FV_ESTACAO_TRATAMENTO (ID_ESTACAO_TRATAMENTO, DT_INSTALACAO, ST_ESTACAO, DS_CPF) VALUES (SEQ_ID_ESTACAO.NEXTVAL, TO_DATE('2025-05-18', 'YYYY-MM-DD'), 'A', '52264687177');
    INSERT INTO T_FV_SENSOR (ID_SENSOR, TP_SENSOR, TP_MEDIDA, ID_ESTACAO_TRATAMENTO) VALUES (SEQ_ID_SENSOR.NEXTVAL, 'PH', 'PH', SEQ_ID_ESTACAO.CURRVAL);
    INSERT INTO T_FV_SENSOR (ID_SENSOR, TP_SENSOR, TP_MEDIDA, ID_ESTACAO_TRATAMENTO) VALUES (SEQ_ID_SENSOR.NEXTVAL, 'TURBIDEZ', 'NTU', SEQ_ID_ESTACAO.CURRVAL);
    INSERT INTO T_FV_SENSOR (ID_SENSOR, TP_SENSOR, TP_MEDIDA, ID_ESTACAO_TRATAMENTO) VALUES (SEQ_ID_SENSOR.NEXTVAL, 'TEMPERATURA', 'CELSIUS', SEQ_ID_ESTACAO.CURRVAL);
    INSERT INTO T_FV_SENSOR (ID_SENSOR, TP_SENSOR, TP_MEDIDA, ID_ESTACAO_TRATAMENTO) VALUES (SEQ_ID_SENSOR.NEXTVAL, 'NIVEL', 'CM', SEQ_ID_ESTACAO.CURRVAL);
    INSERT INTO T_FV_SENSOR (ID_SENSOR, TP_SENSOR, TP_MEDIDA, ID_ESTACAO_TRATAMENTO) VALUES (SEQ_ID_SENSOR.NEXTVAL, 'VAZAO', 'LPM', SEQ_ID_ESTACAO.CURRVAL);
    INSERT INTO T_FV_RESPONSAVEL (DS_CPF, NM_RESPONSAVEL) VALUES ('06237928340', 'Juan Nascimento Ribeiro');
    INSERT INTO T_FV_CONTATO (ID_CONTATO, DS_TELEFONE, DS_EMAIL, DS_CPF) VALUES (SEQ_ID_CONTATO.NEXTVAL, '03000076628', 'otto02@example.net', '06237928340');
    INSERT INTO T_FV_ESTACAO_TRATAMENTO (ID_ESTACAO_TRATAMENTO, DT_INSTALACAO, ST_ESTACAO, DS_CPF) VALUES (SEQ_ID_ESTACAO.NEXTVAL, TO_DATE('2025-05-13', 'YYYY-MM-DD'), 'A', '06237928340');
    INSERT INTO T_FV_SENSOR (ID_SENSOR, TP_SENSOR, TP_MEDIDA, ID_ESTACAO_TRATAMENTO) VALUES (SEQ_ID_SENSOR.NEXTVAL, 'PH', 'PH', SEQ_ID_ESTACAO.CURRVAL);
    INSERT INTO T_FV_SENSOR (ID_SENSOR, TP_SENSOR, TP_MEDIDA, ID_ESTACAO_TRATAMENTO) VALUES (SEQ_ID_SENSOR.NEXTVAL, 'TURBIDEZ', 'NTU', SEQ_ID_ESTACAO.CURRVAL);
    INSERT INTO T_FV_SENSOR (ID_SENSOR, TP_SENSOR, TP_MEDIDA, ID_ESTACAO_TRATAMENTO) VALUES (SEQ_ID_SENSOR.NEXTVAL, 'TEMPERATURA', 'CELSIUS', SEQ_ID_ESTACAO.CURRVAL);
    INSERT INTO T_FV_SENSOR (ID_SENSOR, TP_SENSOR, TP_MEDIDA, ID_ESTACAO_TRATAMENTO) VALUES (SEQ_ID_SENSOR.NEXTVAL, 'NIVEL', 'CM', SEQ_ID_ESTACAO.CURRVAL);
    INSERT INTO T_FV_SENSOR (ID_SENSOR, TP_SENSOR, TP_MEDIDA, ID_ESTACAO_TRATAMENTO) VALUES (SEQ_ID_SENSOR.NEXTVAL, 'VAZAO', 'LPM', SEQ_ID_ESTACAO.CURRVAL);
    INSERT INTO T_FV_RESPONSAVEL (DS_CPF, NM_RESPONSAVEL) VALUES ('64098949709', 'Vitor Almeida Sales');
    INSERT INTO T_FV_CONTATO (ID_CONTATO, DS_TELEFONE, DS_EMAIL, DS_CPF) VALUES (SEQ_ID_CONTATO.NEXTVAL, '02120650140', 'albuquerquestella@example.com', '64098949709');
    INSERT INTO T_FV_ESTACAO_TRATAMENTO (ID_ESTACAO_TRATAMENTO, DT_INSTALACAO, ST_ESTACAO, DS_CPF) VALUES (SEQ_ID_ESTACAO.NEXTVAL, TO_DATE('2025-05-20', 'YYYY-MM-DD'), 'A', '64098949709');
    INSERT INTO T_FV_SENSOR (ID_SENSOR, TP_SENSOR, TP_MEDIDA, ID_ESTACAO_TRATAMENTO) VALUES (SEQ_ID_SENSOR.NEXTVAL, 'PH', 'PH', SEQ_ID_ESTACAO.CURRVAL);
    INSERT INTO T_FV_SENSOR (ID_SENSOR, TP_SENSOR, TP_MEDIDA, ID_ESTACAO_TRATAMENTO) VALUES (SEQ_ID_SENSOR.NEXTVAL, 'TURBIDEZ', 'NTU', SEQ_ID_ESTACAO.CURRVAL);
    INSERT INTO T_FV_SENSOR (ID_SENSOR, TP_SENSOR, TP_MEDIDA, ID_ESTACAO_TRATAMENTO) VALUES (SEQ_ID_SENSOR.NEXTVAL, 'TEMPERATURA', 'CELSIUS', SEQ_ID_ESTACAO.CURRVAL);
    INSERT INTO T_FV_SENSOR (ID_SENSOR, TP_SENSOR, TP_MEDIDA, ID_ESTACAO_TRATAMENTO) VALUES (SEQ_ID_SENSOR.NEXTVAL, 'NIVEL', 'CM', SEQ_ID_ESTACAO.CURRVAL);
    INSERT INTO T_FV_SENSOR (ID_SENSOR, TP_SENSOR, TP_MEDIDA, ID_ESTACAO_TRATAMENTO) VALUES (SEQ_ID_SENSOR.NEXTVAL, 'VAZAO', 'LPM', SEQ_ID_ESTACAO.CURRVAL);
    INSERT INTO T_FV_ESTACAO_TRATAMENTO (ID_ESTACAO_TRATAMENTO, DT_INSTALACAO, ST_ESTACAO) VALUES (SEQ_ID_ESTACAO.NEXTVAL, TO_DATE('2025-05-18', 'YYYY-MM-DD'), 'I');
    INSERT INTO T_FV_SENSOR (ID_SENSOR, TP_SENSOR, TP_MEDIDA, ID_ESTACAO_TRATAMENTO) VALUES (SEQ_ID_SENSOR.NEXTVAL, 'PH', 'PH', SEQ_ID_ESTACAO.CURRVAL);
    INSERT INTO T_FV_SENSOR (ID_SENSOR, TP_SENSOR, TP_MEDIDA, ID_ESTACAO_TRATAMENTO) VALUES (SEQ_ID_SENSOR.NEXTVAL, 'TURBIDEZ', 'NTU', SEQ_ID_ESTACAO.CURRVAL);
    INSERT INTO T_FV_SENSOR (ID_SENSOR, TP_SENSOR, TP_MEDIDA, ID_ESTACAO_TRATAMENTO) VALUES (SEQ_ID_SENSOR.NEXTVAL, 'TEMPERATURA', 'CELSIUS', SEQ_ID_ESTACAO.CURRVAL);
    INSERT INTO T_FV_SENSOR (ID_SENSOR, TP_SENSOR, TP_MEDIDA, ID_ESTACAO_TRATAMENTO) VALUES (SEQ_ID_SENSOR.NEXTVAL, 'NIVEL', 'CM', SEQ_ID_ESTACAO.CURRVAL);
    INSERT INTO T_FV_SENSOR (ID_SENSOR, TP_SENSOR, TP_MEDIDA, ID_ESTACAO_TRATAMENTO) VALUES (SEQ_ID_SENSOR.NEXTVAL, 'VAZAO', 'LPM', SEQ_ID_ESTACAO.CURRVAL);
    INSERT INTO T_FV_ESTACAO_TRATAMENTO (ID_ESTACAO_TRATAMENTO, DT_INSTALACAO, ST_ESTACAO) VALUES (SEQ_ID_ESTACAO.NEXTVAL, TO_DATE('2025-05-18', 'YYYY-MM-DD'), 'I');
    INSERT INTO T_FV_SENSOR (ID_SENSOR, TP_SENSOR, TP_MEDIDA, ID_ESTACAO_TRATAMENTO) VALUES (SEQ_ID_SENSOR.NEXTVAL, 'PH', 'PH', SEQ_ID_ESTACAO.CURRVAL);
    INSERT INTO T_FV_SENSOR (ID_SENSOR, TP_SENSOR, TP_MEDIDA, ID_ESTACAO_TRATAMENTO) VALUES (SEQ_ID_SENSOR.NEXTVAL, 'TURBIDEZ', 'NTU', SEQ_ID_ESTACAO.CURRVAL);
    INSERT INTO T_FV_SENSOR (ID_SENSOR, TP_SENSOR, TP_MEDIDA, ID_ESTACAO_TRATAMENTO) VALUES (SEQ_ID_SENSOR.NEXTVAL, 'TEMPERATURA', 'CELSIUS', SEQ_ID_ESTACAO.CURRVAL);
    INSERT INTO T_FV_SENSOR (ID_SENSOR, TP_SENSOR, TP_MEDIDA, ID_ESTACAO_TRATAMENTO) VALUES (SEQ_ID_SENSOR.NEXTVAL, 'NIVEL', 'CM', SEQ_ID_ESTACAO.CURRVAL);
    INSERT INTO T_FV_SENSOR (ID_SENSOR, TP_SENSOR, TP_MEDIDA, ID_ESTACAO_TRATAMENTO) VALUES (SEQ_ID_SENSOR.NEXTVAL, 'VAZAO', 'LPM', SEQ_ID_ESTACAO.CURRVAL);
    INSERT INTO T_FV_CONTATO (ID_CONTATO, DS_TELEFONE, DS_EMAIL, DS_CPF) VALUES (SEQ_ID_CONTATO.NEXTVAL, '02120650140', 'albuquerquestella@example.com', '64098949709');
    INSERT INTO T_FV_ESTACAO_TRATAMENTO (ID_ESTACAO_TRATAMENTO, DT_INSTALACAO, ST_ESTACAO, DS_CPF) VALUES (SEQ_ID_ESTACAO.NEXTVAL, TO_DATE('2025-05-10', 'YYYY-MM-DD'), 'A', '64098949709');
    INSERT INTO T_FV_SENSOR (ID_SENSOR, TP_SENSOR, TP_MEDIDA, ID_ESTACAO_TRATAMENTO) VALUES (SEQ_ID_SENSOR.NEXTVAL, 'PH', 'PH', SEQ_ID_ESTACAO.CURRVAL);
    INSERT INTO T_FV_SENSOR (ID_SENSOR, TP_SENSOR, TP_MEDIDA, ID_ESTACAO_TRATAMENTO) VALUES (SEQ_ID_SENSOR.NEXTVAL, 'TURBIDEZ', 'NTU', SEQ_ID_ESTACAO.CURRVAL);
    INSERT INTO T_FV_SENSOR (ID_SENSOR, TP_SENSOR, TP_MEDIDA, ID_ESTACAO_TRATAMENTO) VALUES (SEQ_ID_SENSOR.NEXTVAL, 'TEMPERATURA', 'CELSIUS', SEQ_ID_ESTACAO.CURRVAL);
    INSERT INTO T_FV_SENSOR (ID_SENSOR, TP_SENSOR, TP_MEDIDA, ID_ESTACAO_TRATAMENTO) VALUES (SEQ_ID_SENSOR.NEXTVAL, 'NIVEL', 'CM', SEQ_ID_ESTACAO.CURRVAL);
    INSERT INTO T_FV_SENSOR (ID_SENSOR, TP_SENSOR, TP_MEDIDA, ID_ESTACAO_TRATAMENTO) VALUES (SEQ_ID_SENSOR.NEXTVAL, 'VAZAO', 'LPM', SEQ_ID_ESTACAO.CURRVAL);
    INSERT INTO T_FV_CONTATO (ID_CONTATO, DS_TELEFONE, DS_EMAIL, DS_CPF) VALUES (SEQ_ID_CONTATO.NEXTVAL, '02120650140', 'albuquerquestella@example.com', '64098949709');
    INSERT INTO T_FV_ESTACAO_TRATAMENTO (ID_ESTACAO_TRATAMENTO, DT_INSTALACAO, ST_ESTACAO, DS_CPF) VALUES (SEQ_ID_ESTACAO.NEXTVAL, TO_DATE('2025-05-04', 'YYYY-MM-DD'), 'A', '64098949709');
    INSERT INTO T_FV_SENSOR (ID_SENSOR, TP_SENSOR, TP_MEDIDA, ID_ESTACAO_TRATAMENTO) VALUES (SEQ_ID_SENSOR.NEXTVAL, 'PH', 'PH', SEQ_ID_ESTACAO.CURRVAL);
    INSERT INTO T_FV_SENSOR (ID_SENSOR, TP_SENSOR, TP_MEDIDA, ID_ESTACAO_TRATAMENTO) VALUES (SEQ_ID_SENSOR.NEXTVAL, 'TURBIDEZ', 'NTU', SEQ_ID_ESTACAO.CURRVAL);
    INSERT INTO T_FV_SENSOR (ID_SENSOR, TP_SENSOR, TP_MEDIDA, ID_ESTACAO_TRATAMENTO) VALUES (SEQ_ID_SENSOR.NEXTVAL, 'TEMPERATURA', 'CELSIUS', SEQ_ID_ESTACAO.CURRVAL);
    INSERT INTO T_FV_SENSOR (ID_SENSOR, TP_SENSOR, TP_MEDIDA, ID_ESTACAO_TRATAMENTO) VALUES (SEQ_ID_SENSOR.NEXTVAL, 'NIVEL', 'CM', SEQ_ID_ESTACAO.CURRVAL);
    INSERT INTO T_FV_SENSOR (ID_SENSOR, TP_SENSOR, TP_MEDIDA, ID_ESTACAO_TRATAMENTO) VALUES (SEQ_ID_SENSOR.NEXTVAL, 'VAZAO', 'LPM', SEQ_ID_ESTACAO.CURRVAL);
    INSERT INTO T_FV_RESPONSAVEL (DS_CPF, NM_RESPONSAVEL) VALUES ('32018630504', 'Luiz Felipe Mendes Sousa');
    INSERT INTO T_FV_CONTATO (ID_CONTATO, DS_TELEFONE, DS_EMAIL, DS_CPF) VALUES (SEQ_ID_CONTATO.NEXTVAL, '01188105957', 'ccassiano@example.com', '32018630504');
    INSERT INTO T_FV_ESTACAO_TRATAMENTO (ID_ESTACAO_TRATAMENTO, DT_INSTALACAO, ST_ESTACAO, DS_CPF) VALUES (SEQ_ID_ESTACAO.NEXTVAL, TO_DATE('2025-05-21', 'YYYY-MM-DD'), 'A', '32018630504');
    INSERT INTO T_FV_SENSOR (ID_SENSOR, TP_SENSOR, TP_MEDIDA, ID_ESTACAO_TRATAMENTO) VALUES (SEQ_ID_SENSOR.NEXTVAL, 'PH', 'PH', SEQ_ID_ESTACAO.CURRVAL);
    INSERT INTO T_FV_SENSOR (ID_SENSOR, TP_SENSOR, TP_MEDIDA, ID_ESTACAO_TRATAMENTO) VALUES (SEQ_ID_SENSOR.NEXTVAL, 'TURBIDEZ', 'NTU', SEQ_ID_ESTACAO.CURRVAL);
    INSERT INTO T_FV_SENSOR (ID_SENSOR, TP_SENSOR, TP_MEDIDA, ID_ESTACAO_TRATAMENTO) VALUES (SEQ_ID_SENSOR.NEXTVAL, 'TEMPERATURA', 'CELSIUS', SEQ_ID_ESTACAO.CURRVAL);
    INSERT INTO T_FV_SENSOR (ID_SENSOR, TP_SENSOR, TP_MEDIDA, ID_ESTACAO_TRATAMENTO) VALUES (SEQ_ID_SENSOR.NEXTVAL, 'NIVEL', 'CM', SEQ_ID_ESTACAO.CURRVAL);
    INSERT INTO T_FV_SENSOR (ID_SENSOR, TP_SENSOR, TP_MEDIDA, ID_ESTACAO_TRATAMENTO) VALUES (SEQ_ID_SENSOR.NEXTVAL, 'VAZAO', 'LPM', SEQ_ID_ESTACAO.CURRVAL);
    INSERT INTO T_FV_ESTACAO_TRATAMENTO (ID_ESTACAO_TRATAMENTO, DT_INSTALACAO, ST_ESTACAO) VALUES (SEQ_ID_ESTACAO.NEXTVAL, TO_DATE('2025-05-16', 'YYYY-MM-DD'), 'I');
    INSERT INTO T_FV_SENSOR (ID_SENSOR, TP_SENSOR, TP_MEDIDA, ID_ESTACAO_TRATAMENTO) VALUES (SEQ_ID_SENSOR.NEXTVAL, 'PH', 'PH', SEQ_ID_ESTACAO.CURRVAL);
    INSERT INTO T_FV_SENSOR (ID_SENSOR, TP_SENSOR, TP_MEDIDA, ID_ESTACAO_TRATAMENTO) VALUES (SEQ_ID_SENSOR.NEXTVAL, 'TURBIDEZ', 'NTU', SEQ_ID_ESTACAO.CURRVAL);
    INSERT INTO T_FV_SENSOR (ID_SENSOR, TP_SENSOR, TP_MEDIDA, ID_ESTACAO_TRATAMENTO) VALUES (SEQ_ID_SENSOR.NEXTVAL, 'TEMPERATURA', 'CELSIUS', SEQ_ID_ESTACAO.CURRVAL);
    INSERT INTO T_FV_SENSOR (ID_SENSOR, TP_SENSOR, TP_MEDIDA, ID_ESTACAO_TRATAMENTO) VALUES (SEQ_ID_SENSOR.NEXTVAL, 'NIVEL', 'CM', SEQ_ID_ESTACAO.CURRVAL);
    INSERT INTO T_FV_SENSOR (ID_SENSOR, TP_SENSOR, TP_MEDIDA, ID_ESTACAO_TRATAMENTO) VALUES (SEQ_ID_SENSOR.NEXTVAL, 'VAZAO', 'LPM', SEQ_ID_ESTACAO.CURRVAL);
    INSERT INTO T_FV_CONTATO (ID_CONTATO, DS_TELEFONE, DS_EMAIL, DS_CPF) VALUES (SEQ_ID_CONTATO.NEXTVAL, '01188105957', 'ccassiano@example.com', '32018630504');
    INSERT INTO T_FV_ESTACAO_TRATAMENTO (ID_ESTACAO_TRATAMENTO, DT_INSTALACAO, ST_ESTACAO, DS_CPF) VALUES (SEQ_ID_ESTACAO.NEXTVAL, TO_DATE('2025-05-06', 'YYYY-MM-DD'), 'A', '32018630504');
    INSERT INTO T_FV_SENSOR (ID_SENSOR, TP_SENSOR, TP_MEDIDA, ID_ESTACAO_TRATAMENTO) VALUES (SEQ_ID_SENSOR.NEXTVAL, 'PH', 'PH', SEQ_ID_ESTACAO.CURRVAL);
    INSERT INTO T_FV_SENSOR (ID_SENSOR, TP_SENSOR, TP_MEDIDA, ID_ESTACAO_TRATAMENTO) VALUES (SEQ_ID_SENSOR.NEXTVAL, 'TURBIDEZ', 'NTU', SEQ_ID_ESTACAO.CURRVAL);
    INSERT INTO T_FV_SENSOR (ID_SENSOR, TP_SENSOR, TP_MEDIDA, ID_ESTACAO_TRATAMENTO) VALUES (SEQ_ID_SENSOR.NEXTVAL, 'TEMPERATURA', 'CELSIUS', SEQ_ID_ESTACAO.CURRVAL);
    INSERT INTO T_FV_SENSOR (ID_SENSOR, TP_SENSOR, TP_MEDIDA, ID_ESTACAO_TRATAMENTO) VALUES (SEQ_ID_SENSOR.NEXTVAL, 'NIVEL', 'CM', SEQ_ID_ESTACAO.CURRVAL);
    INSERT INTO T_FV_SENSOR (ID_SENSOR, TP_SENSOR, TP_MEDIDA, ID_ESTACAO_TRATAMENTO) VALUES (SEQ_ID_SENSOR.NEXTVAL, 'VAZAO', 'LPM', SEQ_ID_ESTACAO.CURRVAL);
    INSERT INTO T_FV_RESPONSAVEL (DS_CPF, NM_RESPONSAVEL) VALUES ('33831860084', 'Arthur Barbosa da Conceicao');
    INSERT INTO T_FV_CONTATO (ID_CONTATO, DS_TELEFONE, DS_EMAIL, DS_CPF) VALUES (SEQ_ID_CONTATO.NEXTVAL, '55011735986', 'isabelly11@example.org', '33831860084');
    INSERT INTO T_FV_ESTACAO_TRATAMENTO (ID_ESTACAO_TRATAMENTO, DT_INSTALACAO, ST_ESTACAO, DS_CPF) VALUES (SEQ_ID_ESTACAO.NEXTVAL, TO_DATE('2025-05-11', 'YYYY-MM-DD'), 'A', '33831860084');
    INSERT INTO T_FV_SENSOR (ID_SENSOR, TP_SENSOR, TP_MEDIDA, ID_ESTACAO_TRATAMENTO) VALUES (SEQ_ID_SENSOR.NEXTVAL, 'PH', 'PH', SEQ_ID_ESTACAO.CURRVAL);
    INSERT INTO T_FV_SENSOR (ID_SENSOR, TP_SENSOR, TP_MEDIDA, ID_ESTACAO_TRATAMENTO) VALUES (SEQ_ID_SENSOR.NEXTVAL, 'TURBIDEZ', 'NTU', SEQ_ID_ESTACAO.CURRVAL);
    INSERT INTO T_FV_SENSOR (ID_SENSOR, TP_SENSOR, TP_MEDIDA, ID_ESTACAO_TRATAMENTO) VALUES (SEQ_ID_SENSOR.NEXTVAL, 'TEMPERATURA', 'CELSIUS', SEQ_ID_ESTACAO.CURRVAL);
    INSERT INTO T_FV_SENSOR (ID_SENSOR, TP_SENSOR, TP_MEDIDA, ID_ESTACAO_TRATAMENTO) VALUES (SEQ_ID_SENSOR.NEXTVAL, 'NIVEL', 'CM', SEQ_ID_ESTACAO.CURRVAL);
    INSERT INTO T_FV_SENSOR (ID_SENSOR, TP_SENSOR, TP_MEDIDA, ID_ESTACAO_TRATAMENTO) VALUES (SEQ_ID_SENSOR.NEXTVAL, 'VAZAO', 'LPM', SEQ_ID_ESTACAO.CURRVAL);
    INSERT INTO T_FV_RESPONSAVEL (DS_CPF, NM_RESPONSAVEL) VALUES ('61252171595', 'Sabrina Pacheco Leao');
    INSERT INTO T_FV_CONTATO (ID_CONTATO, DS_TELEFONE, DS_EMAIL, DS_CPF) VALUES (SEQ_ID_CONTATO.NEXTVAL, '55071286610', 'sampaiodiego@example.org', '61252171595');
    INSERT INTO T_FV_ESTACAO_TRATAMENTO (ID_ESTACAO_TRATAMENTO, DT_INSTALACAO, ST_ESTACAO, DS_CPF) VALUES (SEQ_ID_ESTACAO.NEXTVAL, TO_DATE('2025-05-10', 'YYYY-MM-DD'), 'A', '61252171595');
    INSERT INTO T_FV_SENSOR (ID_SENSOR, TP_SENSOR, TP_MEDIDA, ID_ESTACAO_TRATAMENTO) VALUES (SEQ_ID_SENSOR.NEXTVAL, 'PH', 'PH', SEQ_ID_ESTACAO.CURRVAL);
    INSERT INTO T_FV_SENSOR (ID_SENSOR, TP_SENSOR, TP_MEDIDA, ID_ESTACAO_TRATAMENTO) VALUES (SEQ_ID_SENSOR.NEXTVAL, 'TURBIDEZ', 'NTU', SEQ_ID_ESTACAO.CURRVAL);
    INSERT INTO T_FV_SENSOR (ID_SENSOR, TP_SENSOR, TP_MEDIDA, ID_ESTACAO_TRATAMENTO) VALUES (SEQ_ID_SENSOR.NEXTVAL, 'TEMPERATURA', 'CELSIUS', SEQ_ID_ESTACAO.CURRVAL);
    INSERT INTO T_FV_SENSOR (ID_SENSOR, TP_SENSOR, TP_MEDIDA, ID_ESTACAO_TRATAMENTO) VALUES (SEQ_ID_SENSOR.NEXTVAL, 'NIVEL', 'CM', SEQ_ID_ESTACAO.CURRVAL);
    INSERT INTO T_FV_SENSOR (ID_SENSOR, TP_SENSOR, TP_MEDIDA, ID_ESTACAO_TRATAMENTO) VALUES (SEQ_ID_SENSOR.NEXTVAL, 'VAZAO', 'LPM', SEQ_ID_ESTACAO.CURRVAL);
    INSERT INTO T_FV_ESTACAO_TRATAMENTO (ID_ESTACAO_TRATAMENTO, DT_INSTALACAO, ST_ESTACAO) VALUES (SEQ_ID_ESTACAO.NEXTVAL, TO_DATE('2025-05-15', 'YYYY-MM-DD'), 'I');
    INSERT INTO T_FV_SENSOR (ID_SENSOR, TP_SENSOR, TP_MEDIDA, ID_ESTACAO_TRATAMENTO) VALUES (SEQ_ID_SENSOR.NEXTVAL, 'PH', 'PH', SEQ_ID_ESTACAO.CURRVAL);
    INSERT INTO T_FV_SENSOR (ID_SENSOR, TP_SENSOR, TP_MEDIDA, ID_ESTACAO_TRATAMENTO) VALUES (SEQ_ID_SENSOR.NEXTVAL, 'TURBIDEZ', 'NTU', SEQ_ID_ESTACAO.CURRVAL);
    INSERT INTO T_FV_SENSOR (ID_SENSOR, TP_SENSOR, TP_MEDIDA, ID_ESTACAO_TRATAMENTO) VALUES (SEQ_ID_SENSOR.NEXTVAL, 'TEMPERATURA', 'CELSIUS', SEQ_ID_ESTACAO.CURRVAL);
    INSERT INTO T_FV_SENSOR (ID_SENSOR, TP_SENSOR, TP_MEDIDA, ID_ESTACAO_TRATAMENTO) VALUES (SEQ_ID_SENSOR.NEXTVAL, 'NIVEL', 'CM', SEQ_ID_ESTACAO.CURRVAL);
    INSERT INTO T_FV_SENSOR (ID_SENSOR, TP_SENSOR, TP_MEDIDA, ID_ESTACAO_TRATAMENTO) VALUES (SEQ_ID_SENSOR.NEXTVAL, 'VAZAO', 'LPM', SEQ_ID_ESTACAO.CURRVAL);
    INSERT INTO T_FV_RESPONSAVEL (DS_CPF, NM_RESPONSAVEL) VALUES ('09026879997', 'Stephany Oliveira Almeida');
    INSERT INTO T_FV_CONTATO (ID_CONTATO, DS_TELEFONE, DS_EMAIL, DS_CPF) VALUES (SEQ_ID_CONTATO.NEXTVAL, '09003767348', 'tnovais@example.net', '09026879997');
    INSERT INTO T_FV_ESTACAO_TRATAMENTO (ID_ESTACAO_TRATAMENTO, DT_INSTALACAO, ST_ESTACAO, DS_CPF) VALUES (SEQ_ID_ESTACAO.NEXTVAL, TO_DATE('2025-05-14', 'YYYY-MM-DD'), 'A', '09026879997');
    INSERT INTO T_FV_SENSOR (ID_SENSOR, TP_SENSOR, TP_MEDIDA, ID_ESTACAO_TRATAMENTO) VALUES (SEQ_ID_SENSOR.NEXTVAL, 'PH', 'PH', SEQ_ID_ESTACAO.CURRVAL);
    INSERT INTO T_FV_SENSOR (ID_SENSOR, TP_SENSOR, TP_MEDIDA, ID_ESTACAO_TRATAMENTO) VALUES (SEQ_ID_SENSOR.NEXTVAL, 'TURBIDEZ', 'NTU', SEQ_ID_ESTACAO.CURRVAL);
    INSERT INTO T_FV_SENSOR (ID_SENSOR, TP_SENSOR, TP_MEDIDA, ID_ESTACAO_TRATAMENTO) VALUES (SEQ_ID_SENSOR.NEXTVAL, 'TEMPERATURA', 'CELSIUS', SEQ_ID_ESTACAO.CURRVAL);
    INSERT INTO T_FV_SENSOR (ID_SENSOR, TP_SENSOR, TP_MEDIDA, ID_ESTACAO_TRATAMENTO) VALUES (SEQ_ID_SENSOR.NEXTVAL, 'NIVEL', 'CM', SEQ_ID_ESTACAO.CURRVAL);
    INSERT INTO T_FV_SENSOR (ID_SENSOR, TP_SENSOR, TP_MEDIDA, ID_ESTACAO_TRATAMENTO) VALUES (SEQ_ID_SENSOR.NEXTVAL, 'VAZAO', 'LPM', SEQ_ID_ESTACAO.CURRVAL);
    INSERT INTO T_FV_RESPONSAVEL (DS_CPF, NM_RESPONSAVEL) VALUES ('55776486963', 'Maria Eduarda Pinto Vargas');
    INSERT INTO T_FV_CONTATO (ID_CONTATO, DS_TELEFONE, DS_EMAIL, DS_CPF) VALUES (SEQ_ID_CONTATO.NEXTVAL, '08412196911', 'marceloda-mota@example.net', '55776486963');
    INSERT INTO T_FV_ESTACAO_TRATAMENTO (ID_ESTACAO_TRATAMENTO, DT_INSTALACAO, ST_ESTACAO, DS_CPF) VALUES (SEQ_ID_ESTACAO.NEXTVAL, TO_DATE('2025-05-28', 'YYYY-MM-DD'), 'A', '55776486963');
    INSERT INTO T_FV_SENSOR (ID_SENSOR, TP_SENSOR, TP_MEDIDA, ID_ESTACAO_TRATAMENTO) VALUES (SEQ_ID_SENSOR.NEXTVAL, 'PH', 'PH', SEQ_ID_ESTACAO.CURRVAL);
    INSERT INTO T_FV_SENSOR (ID_SENSOR, TP_SENSOR, TP_MEDIDA, ID_ESTACAO_TRATAMENTO) VALUES (SEQ_ID_SENSOR.NEXTVAL, 'TURBIDEZ', 'NTU', SEQ_ID_ESTACAO.CURRVAL);
    INSERT INTO T_FV_SENSOR (ID_SENSOR, TP_SENSOR, TP_MEDIDA, ID_ESTACAO_TRATAMENTO) VALUES (SEQ_ID_SENSOR.NEXTVAL, 'TEMPERATURA', 'CELSIUS', SEQ_ID_ESTACAO.CURRVAL);
    INSERT INTO T_FV_SENSOR (ID_SENSOR, TP_SENSOR, TP_MEDIDA, ID_ESTACAO_TRATAMENTO) VALUES (SEQ_ID_SENSOR.NEXTVAL, 'NIVEL', 'CM', SEQ_ID_ESTACAO.CURRVAL);
    INSERT INTO T_FV_SENSOR (ID_SENSOR, TP_SENSOR, TP_MEDIDA, ID_ESTACAO_TRATAMENTO) VALUES (SEQ_ID_SENSOR.NEXTVAL, 'VAZAO', 'LPM', SEQ_ID_ESTACAO.CURRVAL);
    INSERT INTO T_FV_CONTATO (ID_CONTATO, DS_TELEFONE, DS_EMAIL, DS_CPF) VALUES (SEQ_ID_CONTATO.NEXTVAL, '08412196911', 'marceloda-mota@example.net', '55776486963');
    INSERT INTO T_FV_ESTACAO_TRATAMENTO (ID_ESTACAO_TRATAMENTO, DT_INSTALACAO, ST_ESTACAO, DS_CPF) VALUES (SEQ_ID_ESTACAO.NEXTVAL, TO_DATE('2025-05-04', 'YYYY-MM-DD'), 'A', '55776486963');
    INSERT INTO T_FV_SENSOR (ID_SENSOR, TP_SENSOR, TP_MEDIDA, ID_ESTACAO_TRATAMENTO) VALUES (SEQ_ID_SENSOR.NEXTVAL, 'PH', 'PH', SEQ_ID_ESTACAO.CURRVAL);
    INSERT INTO T_FV_SENSOR (ID_SENSOR, TP_SENSOR, TP_MEDIDA, ID_ESTACAO_TRATAMENTO) VALUES (SEQ_ID_SENSOR.NEXTVAL, 'TURBIDEZ', 'NTU', SEQ_ID_ESTACAO.CURRVAL);
    INSERT INTO T_FV_SENSOR (ID_SENSOR, TP_SENSOR, TP_MEDIDA, ID_ESTACAO_TRATAMENTO) VALUES (SEQ_ID_SENSOR.NEXTVAL, 'TEMPERATURA', 'CELSIUS', SEQ_ID_ESTACAO.CURRVAL);
    INSERT INTO T_FV_SENSOR (ID_SENSOR, TP_SENSOR, TP_MEDIDA, ID_ESTACAO_TRATAMENTO) VALUES (SEQ_ID_SENSOR.NEXTVAL, 'NIVEL', 'CM', SEQ_ID_ESTACAO.CURRVAL);
    INSERT INTO T_FV_SENSOR (ID_SENSOR, TP_SENSOR, TP_MEDIDA, ID_ESTACAO_TRATAMENTO) VALUES (SEQ_ID_SENSOR.NEXTVAL, 'VAZAO', 'LPM', SEQ_ID_ESTACAO.CURRVAL);
    INSERT INTO T_FV_RESPONSAVEL (DS_CPF, NM_RESPONSAVEL) VALUES ('68091415451', 'Aylla Pereira Garcia');
    INSERT INTO T_FV_CONTATO (ID_CONTATO, DS_TELEFONE, DS_EMAIL, DS_CPF) VALUES (SEQ_ID_CONTATO.NEXTVAL, '06121380194', 'barbosajose-pedro@example.org', '68091415451');
    INSERT INTO T_FV_ESTACAO_TRATAMENTO (ID_ESTACAO_TRATAMENTO, DT_INSTALACAO, ST_ESTACAO, DS_CPF) VALUES (SEQ_ID_ESTACAO.NEXTVAL, TO_DATE('2025-05-15', 'YYYY-MM-DD'), 'A', '68091415451');
    INSERT INTO T_FV_SENSOR (ID_SENSOR, TP_SENSOR, TP_MEDIDA, ID_ESTACAO_TRATAMENTO) VALUES (SEQ_ID_SENSOR.NEXTVAL, 'PH', 'PH', SEQ_ID_ESTACAO.CURRVAL);
    INSERT INTO T_FV_SENSOR (ID_SENSOR, TP_SENSOR, TP_MEDIDA, ID_ESTACAO_TRATAMENTO) VALUES (SEQ_ID_SENSOR.NEXTVAL, 'TURBIDEZ', 'NTU', SEQ_ID_ESTACAO.CURRVAL);
    INSERT INTO T_FV_SENSOR (ID_SENSOR, TP_SENSOR, TP_MEDIDA, ID_ESTACAO_TRATAMENTO) VALUES (SEQ_ID_SENSOR.NEXTVAL, 'TEMPERATURA', 'CELSIUS', SEQ_ID_ESTACAO.CURRVAL);
    INSERT INTO T_FV_SENSOR (ID_SENSOR, TP_SENSOR, TP_MEDIDA, ID_ESTACAO_TRATAMENTO) VALUES (SEQ_ID_SENSOR.NEXTVAL, 'NIVEL', 'CM', SEQ_ID_ESTACAO.CURRVAL);
    INSERT INTO T_FV_SENSOR (ID_SENSOR, TP_SENSOR, TP_MEDIDA, ID_ESTACAO_TRATAMENTO) VALUES (SEQ_ID_SENSOR.NEXTVAL, 'VAZAO', 'LPM', SEQ_ID_ESTACAO.CURRVAL);
    INSERT INTO T_FV_CONTATO (ID_CONTATO, DS_TELEFONE, DS_EMAIL, DS_CPF) VALUES (SEQ_ID_CONTATO.NEXTVAL, '06121380194', 'barbosajose-pedro@example.org', '68091415451');
    INSERT INTO T_FV_ESTACAO_TRATAMENTO (ID_ESTACAO_TRATAMENTO, DT_INSTALACAO, ST_ESTACAO, DS_CPF) VALUES (SEQ_ID_ESTACAO.NEXTVAL, TO_DATE('2025-05-01', 'YYYY-MM-DD'), 'A', '68091415451');
    INSERT INTO T_FV_SENSOR (ID_SENSOR, TP_SENSOR, TP_MEDIDA, ID_ESTACAO_TRATAMENTO) VALUES (SEQ_ID_SENSOR.NEXTVAL, 'PH', 'PH', SEQ_ID_ESTACAO.CURRVAL);
    INSERT INTO T_FV_SENSOR (ID_SENSOR, TP_SENSOR, TP_MEDIDA, ID_ESTACAO_TRATAMENTO) VALUES (SEQ_ID_SENSOR.NEXTVAL, 'TURBIDEZ', 'NTU', SEQ_ID_ESTACAO.CURRVAL);
    INSERT INTO T_FV_SENSOR (ID_SENSOR, TP_SENSOR, TP_MEDIDA, ID_ESTACAO_TRATAMENTO) VALUES (SEQ_ID_SENSOR.NEXTVAL, 'TEMPERATURA', 'CELSIUS', SEQ_ID_ESTACAO.CURRVAL);
    INSERT INTO T_FV_SENSOR (ID_SENSOR, TP_SENSOR, TP_MEDIDA, ID_ESTACAO_TRATAMENTO) VALUES (SEQ_ID_SENSOR.NEXTVAL, 'NIVEL', 'CM', SEQ_ID_ESTACAO.CURRVAL);
    INSERT INTO T_FV_SENSOR (ID_SENSOR, TP_SENSOR, TP_MEDIDA, ID_ESTACAO_TRATAMENTO) VALUES (SEQ_ID_SENSOR.NEXTVAL, 'VAZAO', 'LPM', SEQ_ID_ESTACAO.CURRVAL);
    INSERT INTO T_FV_CONTATO (ID_CONTATO, DS_TELEFONE, DS_EMAIL, DS_CPF) VALUES (SEQ_ID_CONTATO.NEXTVAL, '06121380194', 'barbosajose-pedro@example.org', '68091415451');
    INSERT INTO T_FV_ESTACAO_TRATAMENTO (ID_ESTACAO_TRATAMENTO, DT_INSTALACAO, ST_ESTACAO, DS_CPF) VALUES (SEQ_ID_ESTACAO.NEXTVAL, TO_DATE('2025-05-15', 'YYYY-MM-DD'), 'A', '68091415451');
    INSERT INTO T_FV_SENSOR (ID_SENSOR, TP_SENSOR, TP_MEDIDA, ID_ESTACAO_TRATAMENTO) VALUES (SEQ_ID_SENSOR.NEXTVAL, 'PH', 'PH', SEQ_ID_ESTACAO.CURRVAL);
    INSERT INTO T_FV_SENSOR (ID_SENSOR, TP_SENSOR, TP_MEDIDA, ID_ESTACAO_TRATAMENTO) VALUES (SEQ_ID_SENSOR.NEXTVAL, 'TURBIDEZ', 'NTU', SEQ_ID_ESTACAO.CURRVAL);
    INSERT INTO T_FV_SENSOR (ID_SENSOR, TP_SENSOR, TP_MEDIDA, ID_ESTACAO_TRATAMENTO) VALUES (SEQ_ID_SENSOR.NEXTVAL, 'TEMPERATURA', 'CELSIUS', SEQ_ID_ESTACAO.CURRVAL);
    INSERT INTO T_FV_SENSOR (ID_SENSOR, TP_SENSOR, TP_MEDIDA, ID_ESTACAO_TRATAMENTO) VALUES (SEQ_ID_SENSOR.NEXTVAL, 'NIVEL', 'CM', SEQ_ID_ESTACAO.CURRVAL);
    INSERT INTO T_FV_SENSOR (ID_SENSOR, TP_SENSOR, TP_MEDIDA, ID_ESTACAO_TRATAMENTO) VALUES (SEQ_ID_SENSOR.NEXTVAL, 'VAZAO', 'LPM', SEQ_ID_ESTACAO.CURRVAL);
    INSERT INTO T_FV_RESPONSAVEL (DS_CPF, NM_RESPONSAVEL) VALUES ('70070676038', 'Joao Pedro Costela Moreira');
    INSERT INTO T_FV_CONTATO (ID_CONTATO, DS_TELEFONE, DS_EMAIL, DS_CPF) VALUES (SEQ_ID_CONTATO.NEXTVAL, '5174048754', 'znunes@example.org', '70070676038');
    INSERT INTO T_FV_ESTACAO_TRATAMENTO (ID_ESTACAO_TRATAMENTO, DT_INSTALACAO, ST_ESTACAO, DS_CPF) VALUES (SEQ_ID_ESTACAO.NEXTVAL, TO_DATE('2025-05-24', 'YYYY-MM-DD'), 'A', '70070676038');
    INSERT INTO T_FV_SENSOR (ID_SENSOR, TP_SENSOR, TP_MEDIDA, ID_ESTACAO_TRATAMENTO) VALUES (SEQ_ID_SENSOR.NEXTVAL, 'PH', 'PH', SEQ_ID_ESTACAO.CURRVAL);
    INSERT INTO T_FV_SENSOR (ID_SENSOR, TP_SENSOR, TP_MEDIDA, ID_ESTACAO_TRATAMENTO) VALUES (SEQ_ID_SENSOR.NEXTVAL, 'TURBIDEZ', 'NTU', SEQ_ID_ESTACAO.CURRVAL);
    INSERT INTO T_FV_SENSOR (ID_SENSOR, TP_SENSOR, TP_MEDIDA, ID_ESTACAO_TRATAMENTO) VALUES (SEQ_ID_SENSOR.NEXTVAL, 'TEMPERATURA', 'CELSIUS', SEQ_ID_ESTACAO.CURRVAL);
    INSERT INTO T_FV_SENSOR (ID_SENSOR, TP_SENSOR, TP_MEDIDA, ID_ESTACAO_TRATAMENTO) VALUES (SEQ_ID_SENSOR.NEXTVAL, 'NIVEL', 'CM', SEQ_ID_ESTACAO.CURRVAL);
    INSERT INTO T_FV_SENSOR (ID_SENSOR, TP_SENSOR, TP_MEDIDA, ID_ESTACAO_TRATAMENTO) VALUES (SEQ_ID_SENSOR.NEXTVAL, 'VAZAO', 'LPM', SEQ_ID_ESTACAO.CURRVAL);
    INSERT INTO T_FV_CONTATO (ID_CONTATO, DS_TELEFONE, DS_EMAIL, DS_CPF) VALUES (SEQ_ID_CONTATO.NEXTVAL, '5174048754', 'znunes@example.org', '70070676038');
    INSERT INTO T_FV_ESTACAO_TRATAMENTO (ID_ESTACAO_TRATAMENTO, DT_INSTALACAO, ST_ESTACAO, DS_CPF) VALUES (SEQ_ID_ESTACAO.NEXTVAL, TO_DATE('2025-05-25', 'YYYY-MM-DD'), 'A', '70070676038');
    INSERT INTO T_FV_SENSOR (ID_SENSOR, TP_SENSOR, TP_MEDIDA, ID_ESTACAO_TRATAMENTO) VALUES (SEQ_ID_SENSOR.NEXTVAL, 'PH', 'PH', SEQ_ID_ESTACAO.CURRVAL);
    INSERT INTO T_FV_SENSOR (ID_SENSOR, TP_SENSOR, TP_MEDIDA, ID_ESTACAO_TRATAMENTO) VALUES (SEQ_ID_SENSOR.NEXTVAL, 'TURBIDEZ', 'NTU', SEQ_ID_ESTACAO.CURRVAL);
    INSERT INTO T_FV_SENSOR (ID_SENSOR, TP_SENSOR, TP_MEDIDA, ID_ESTACAO_TRATAMENTO) VALUES (SEQ_ID_SENSOR.NEXTVAL, 'TEMPERATURA', 'CELSIUS', SEQ_ID_ESTACAO.CURRVAL);
    INSERT INTO T_FV_SENSOR (ID_SENSOR, TP_SENSOR, TP_MEDIDA, ID_ESTACAO_TRATAMENTO) VALUES (SEQ_ID_SENSOR.NEXTVAL, 'NIVEL', 'CM', SEQ_ID_ESTACAO.CURRVAL);
    INSERT INTO T_FV_SENSOR (ID_SENSOR, TP_SENSOR, TP_MEDIDA, ID_ESTACAO_TRATAMENTO) VALUES (SEQ_ID_SENSOR.NEXTVAL, 'VAZAO', 'LPM', SEQ_ID_ESTACAO.CURRVAL);
    COMMIT;
EXCEPTION 
    WHEN OTHERS THEN
        ROLLBACK;
END;
/
